,word_guesses,first_pass,solution_words,solution
0,lago;costa;esca;api;aia,lago CC IA costa NT esca V AL api ET aia,La;goccia;costante;scava;la;pietà;ià,La goccia costante scava la pietà ià
1,sedia;capre;su,DA sedia RI capre su NTA,Dase;diarica;presunta,Dase diarica presunta
2,ari;buche;cereale,C ari buche E M I cereale,Caribù;che;emicereale,Caribù che emicereale
3,amo;radi;lari,UN amo ST radi lari T TE,Una;mostra;di;laritette,Una mostra di laritette
4,rada;teda,ST rada teda NDO,Strada;tedando,Strada tedando
5,tra;artemide;Ati,tra T T artemide L IC Ati,Trattar;temi;delicati,Trattar temi delicati
6,si;tema;dotto,si S tema R I dotto,Sistema;ridotto,Sistema ridotto
7,parti;tea;pinna;colo,parti tea pinna colo,Partite;a;pinacolo,Partite a pinacolo
8,atto;divi;aio;nato,PI atto divi TE L aio N nato,Piatto;di;vitelaio;nonnato,Piatto di vitelaio nonnato
9,Bi;linea;coni;ala,Bi linea coni N S ala TA,Bilinea;con;insalata,Bilinea con insalata
10,su;sardina,su A sardina NNI,Suasardi;nanni,Suasardi nanni
11,pantere;mine,C A pantere mine S I,Capant;ereminesi,Capant ereminesi
12,pala,RI pala,Ripa;lapalla,Ripa lapalla
13,scafi;ori;colo,DI scafi ori DI colo,Discafi;ordincolo,Discafi ordincolo
14,armi;anice,armi G anice RMI,Armigani;ce;rmi,Armigani ce rmi
15,lario;noci,I lario noci R,Ilario;Nocirir,Ilario Nocirir
16,cola;re;rame,S E cola re C A rame,Secolare;carame,Secolare carame
17,legge;aperto,legge R aperto SSE,Leggera;pertosse,Leggera pertosse
18,Pieve;ioni,IM Pieve S ioni,Impive;sioni,Impive sioni
19,nasi;ring;riva;il;lago,U nasi ring A P riva il lago,Una;siringa;priva;gli;ago,Una siringa priva gli 'ago
20,re;dama;sarda,F re D dama N sarda,Fredda;mansarda,Fredda mansarda
21,signore;somale,signore I O somale,Signoreioso;male,Signoreioso male
22,ceri;onda,D I ceri AF onda,Diceria;fonda,Diceria fonda
23,arrossita;fetta,MO arrossita F fetta,Mora;rossitta,Mora rossitta
24,re;camici;ettari;dita,re P LI camici ettari B A dita,Replica;micicetta;ribadita,Replica micicetta ribadita
25,treno;albero,O treno NC albero,Otre;non;calbe,Otre non calbe
26,su;dentista;di,su A dentista N di STI,Suadenti;standardi,Suadenti standardi
27,nata;eredi;rena;alto,U nata P eredi rena ICA alto UR,Una;tapere;direnaica;al;Tour,Una tapere direnaica al Tour
28,seri;col;medico;serio;nate,CA S seri col medico serio R D I nate,Casse;ricolme;di;cose;riordinate,Casse ricolme di cose riordinate
29,pesce;atto;otre;tino,pesce atto L otre N tino,Pe;seattolo;trentino,Pe seattolo trentino
30,vere;moli,A vere P RE moli,Avere;premioli,Avere premioli
31,sudan;esili;cieco;gole,sudan esili B I cieco N gole SI,Sudanesi;libici;e;congolesi,Sudanesi libici e congolesi
32,mici;ara;amaretto,A mici ZI ara FF amaretto,Amicizia;raffamaretto,Amicizia raffamaretto
33,Shaw;rasi;lista,Shaw U rasi M B O lista,Shawura;simbolista,Shawura simbolista
34,punti;in;va;or,S punti in NO: va T or,Spunti;innovatori,Spunti innovatori
35,con;attiva,con T attiva NI,Contatti;vani,Contatti vani
36,avidi;Ande;tini,N avidi CL Ande S tini,Navi;di;clandestini,Navi di clandestini
37,dente;aro;edile;nano,STU dente S aro AL edile G nano,Studentesaro;aledile;gi;nanano,Studentesaro aledile gi nanano
38,anta;casa;mina;zia,F anta STI casa mina L I zia,Fantastica;sama;milizia,Fantastica sama milizia
39,oca;nidi;gente,I oca nidi S E R gente,I;ocanidi;se;reggente,I ocanidi se reggente
40,netta;Bosio;esca,SCE netta Bosio C C esca,Scenetta;bosioccesca,Scenetta bosioccesca
41,rio;eco;agli,FU rio eco TT agli A,Furioe;cattaglia,Furioe cattaglia
42,lima;Esopo;asse;Rino,C lima T Esopo IR asse Rino SI,Clima;teso;poi;iraserinosi,Clima teso poi iraserinosi
43,lacca;Tampa;redi;ode,lacca DE Tampa LI TA redi M ode NA,L;accedetam;palitare;di;modena,L'accedetam palitare di modena
44,sacra;mele;ali,P E sacra R mele G ali,Pescar;mare;legali,Pescar mare legali
45,tori;Einaudi,O RA tori Einaudi A NI,Oratori;einaudi,Oratori einaudi
46,con;ultime;iri,I con S ultime iri,I;consulti;mieri,I consulti mieri
47,peri;come;catinella,peri OD I come R catinella,Periodico;mercatinella,Periodico mercatinella
48,reo;est;oste;carte,AE reo CH est oste C carte R RA,Aereo;che;stop;est;ancora;terra,Aereo che stop est ancora terra
49,anta;negri;articoli,P anta L O negri articoli A RO,Pantalone;grarit;colario,Pantalone grarit colario
50,tris;lui e lei;Ti,O tris lui e lei Ti,Otri;sluietiti,Otri sluietiti
51,campanelli,campanelli TI,Campa;nelli,Campa nelli
52,nani;cinesi;lare,U nani cinesi NGO lare,Un;anicine;singolare,Un anicine singolare
53,pali;in;con;ritto,pali N in con S C ritto,Palincon;scritto,Palincon scritto
54,alloro;rame;temi;Ra,P alloro rame N temi S E Ra,Pala;colorante;misera,Pala colorante misera
55,caraffa;teso;nidi;ago,CER caraffa teso MP A G nidi SV ago,Cercar;affatese;pomagni;di;svago,Cercar affatese pomagni di svago
56,ali;divo;Ontario;pedali,V ali divo L Ontario S pedali E RI,Validi;volontori;ospedalieri,Validi volontori ospedalieri
57,raggio;oca;otri;cava;anche,CO raggio S oca P otri cava M anche S,Coraggioso;capo;trica;vamanceschi,Coraggioso capo trica vamanceschi
58,maiali;scia;di;vite,T O maiali scia di vite LLO,Tomaia;liscia;di;vitello,Tomaia liscia di vitello
59,conte;nero;more;anno;are;geni;ori,conte nero A more S anno A M are I geni T ori,Con;tenero;amore;sanno;amare;i;genitori,Con tenero amore sanno amare i genitori
60,Eracle;Idra,N Eracle SS Idra,Nera;cresidra,Nera cresidra
61,corto;non;netta,AC corto non netta,Accorto;nonnetta,Accorto nonnetta
62,ancora;etto;onda,ancora P etto F onda TO,Ancorape;tofdato,Ancorape tofdato
63,sarde;testa;lima;re,U sarde testa BI lima NI E re,Usar;detestabili;maniere,Usar detestabili maniere
64,circo;ante,PO circo VI G ante,Pocirc;vigiante,Pocirc vigiante
65,pelli;scuri;onde;lessi;ossi,CA pelli scuri C onde IR IF lessi R ossi,Capelli;scuri;con;dei;riflessi;rossi,Capelli scuri con dei riflessi rossi
66,greti;somaro;lacci,greti somaro S O lacci,Greti;somarosò,Greti somarosò
67,nane;astri,P A nane R astri,Pananera;straripi,Pananera straripi
68,seno;ancora;pila,RO seno N ancora S pila TE,Rose;non;ancora;spilate,Rose non ancora spilate
69,ratto;arpa;alone,ratto P P arpa N T alone,Rattoppar;pantalone,Rattoppar pantalone
70,monili,monili R A,Monil;ira,Monil ira
71,toro;avi;rosa,S toro T avi GO rosa,Storotavigo;roasera,Storotavigo roasera
72,con;auto;viola,con C auto viola FF,Concauto;violà,Concauto violà
73,arca;odi;iti,M arca T odi V iti,Marcato;diviti,Marcato diviti
74,asta;federe;are,B asta PO federe DI are,Basta;pofe;dei;rediare,Basta pofe dei rediare
75,zie;dei;risi,A zie N dei NC risi,Aziende;in;crisi,Aziende in crisi
76,lame;tela;amaretto;radio;cere,lame N tela S M amaretto S radio S cere,Lamentela;smamare;tot;radische,Lamentela smamare tot radische
77,ami;soldi;aro;Po;ovoide,ami C O soldi P aro LE Po C ovoide,Amico;sol;di;parole;poco;video,Amico sol di parole poco video
78,traditore;Niobe,PRI traditore Niobe LE,Pritradito;renioble,Pritradito renioble
79,rovi;amo;mani;radi;rossi,T rovi amo L A mani E radi A rossi,Troviamo;la;maniera;di;Arossi,Troviamo la maniera di Arossi
80,tris;romani,VE tris P romani,Vetri;spromani,Vetri spromani
81,ibis;Enza;arti;ari;stanze;tiretti,C ibis Enza P arti C OL ari SO stanze tiretti NTI,Cibi;senza;particolari;sostanze;tirettinti,Cibi senza particolari sostanze tirettinti
82,in;armadio;in;ozio,in armadio BIL in ozio NI,Inarmadiobili;nozioni,Inarmadiobili nozioni
83,articoli;asso,FRE articoli asso SO,Freeart;coliasso,Freeart coliasso
84,sci;eroina,sci OP eroina TTO,Sciopero;in;atto,Sciopero in atto
85,redi;manico;ali,P redi manico M IN ali,Predimani;comunali,Predimani comunali
86,pera;Bosio;esca,O pera Bosio C C esca,Opera;bosioccesca,Opera bosioccesca
87,di;fu;sesto,di F fu sesto RIE,Diffuse;storie,Diffuse storie
88,scola;risi;Curie;Gene;rosi,scola risi Curie Gene rosi,Scolari;sicuri;e;generosi,Scolari sicuri e generosi
89,proiettile;serba,proiettile serba,Proietti;leser,Proietti leser
90,tela;tris;saggi,tela L I tris A E saggi,Telaliti;saesaggi,Telaliti saesaggi
91,sola;selezionatore;osa;dive,LI sola selezionatore I osa dive RNE,L;isola;selezionato;re;Ivone,L'isola selezionato re Ivone
92,indice;leva,QU indice SI leva,Quindicesile;vileva,Quindicesile vileva
93,avi;nidi;rame,T avi nidi C A rame,Tavinidi;ca;rarame,Tavinidi ca rarame
94,edera;ami;are,L edera TT ami L IT are,Le;derattà;militare,Le derattà militare
95,con;attore;rei;la,con QU I attore rei N C la LI,Conquietto;reir;enclali,Conquietto reir enclali
96,mattino;mitino;bolli;Era,mattino mitino bolli Era,Mattinati;monolie,Mattinati monolie
97,coni;fon;armo;corte;si;arco,coni CA fon I US armo DI corte si P OC arco,Con;i;cafoni;usar;modi;cortesi;poco;carco,Con i cafoni usar modi cortesi poco carco
98,orsi;Eros,orsi DE Eros SE,Orsiedee;rosse,Orsiedee rosse
99,picco;lauro;Po,picco lauro Po,Piccola;urop,Piccola urop
100,assi;arco;tini,M assi M arco N tini,Massima;ricontini,Massima ricontini
101,marcia;lenti,A marcia N SU lenti,Amari;cansulenti,Amari cansulenti
102,attiva;ali,attiva ND ali C I,Atti;vandalici,Atti vandalici
103,pesce;bus;tese,pesce bus tese,Pe;scebuste;sperate,Pe scebuste sperate
104,mesti;ciocche,D O mesti ciocche V A,Domestici;occhè,Domestici occhè
105,usa;proiettile,BL usa proiettile,Blusa;proiettile,Blusa proiettile
106,Boudriot;mante,FU R Boudriot R O mante,Furbo;driotromante,Furbo driotromante
107,avo;sardine;in,TR avo sardine LV in O,Travosar;din;elvino,Travosar din elvino
108,elica;tasti;teda;est,D elica tasti F teda L est E,Delicata;stifte;daleste,Delicata stifte daleste
109,nero;Ford;in;rio,nero F Ford in A rio,Nero;fodinario,Nero fodinario
110,oli;dalie;nani;Tampa,S oli dalie MA G nani Tampa CI,Solidali;e;magnaniti;pacci,Solidali e magnaniti pacci
111,coccinelle;rada;ile,A L coccinelle A rada P R ile,Alco;cinelli;e;radaprile,Alco cinelli e' radaprile
112,drago;medici;olle,SE drago C medici P olle,SED;drago;me;dicipolle,SED drago me dicipolle
113,viola;tibia;astri,viola S OT tibia N C astri,Violatos;tibiancastri,Violatos tibiancastri
114,onde;ultime,W onde RF ultime,Wunderful;time;magico;tempo,Wunderful time (magico tempo)
115,con;tris;traina;assi,S con tris traina TI assi RO,Scontri;strainati;a;S;Siro,Scontri strainati a S. Siro
116,nappa;mento;dio;arrossa,U nappa RTA mento dio T arrossa N Z E,Un;appartamento;di;Otrar;Rossane,Un appartamento di Otrar Rossane
117,ave;maniero;vino,ave R E maniero vino SE,Avere;manie;rovinose,Avere manie rovinose
118,nari;camini;aia,U nari C camini E aia NIO,Una;ricca;miniera;i;aioni,Una ricca miniera i' aioni
119,chine;nane;teda;chine;nane;teda;chine;nane;teda,chine F A U nane teda NTO,Chi;ne;fa;una;ne;tè;danto;Chi;ne;fa;una;ne;tè;danto;Chi;ne;fa;una;ne;tè;danto,Chi ne fa una ne tè danto
120,api;do;tiretti;tino,S api do M E tiretti S tino,Sapido;meti;rettistino,Sapido meti rettistino
121,polo;odi;ossa,A polo G odi ossa P PA,Apologo;di;O;Sappia,Apologo di O. Sappia
122,maniero;gorbi,RO maniero V I gorbi,Romani;e;rovigorbi,Romani e rovigorbi
123,vento;Amman;Todi;lord,E vento Amman T A Todi lord O,Evento;ammanatato;di;lordo,Evento ammanatato di lordo
124,voce;di;si,BI voce di SUI? si,Bivocedi;su;Iusi,Bivocedi su Iusi
125,maniero;severo;si,maniero severo N E si,Manierose;veronesi,Manierose veronesi
126,uovo;oca;lario,N uovo V oca BO lario,Nuovo;vocabolario,Nuovo vocabolario
127,pazzo;arpa;alone,S pazzo L arpa N T alone,Spazzolar;pantalone,Spazzolar pantalone
128,stie;tac,C O stie tac I,Costi;etachi,Costi etachi
129,tarme;menta;Rodi;Ra;stan;Scott;cori,tarme menta Rodi Ra stan Scott cori,Tar;mentarodir;asta;n;st;ancicor;i;cori,Tar mentarodir asta n st ancicor i cori
130,conta;monili,conta TTO monili V E,Contatto;monil;Ive,Contatto monil Ive
131,Volga;est;dente;aro,Volga R est U dente S aro ALE,Volgare;studentesaro;alegrare,Volgare studentesaro alegrare
132,bocca;ara,bocca A M ara,Bocca;amara,Bocca amara
133,barba,AL barba ND,Alba;rband,Alba rband
134,marcia;alare,A marcia MB alare,Amarci;ambalare,Amarci ambalare
135,ramo;tram;si,T ramo N tram S si,Tramontra;msssi,Tramontra msssi
136,lago;eco;are,CA lago S eco L are,Calaggio;scolare,Calaggio scolare
137,apro;scafi;usci,UN apro scafi usci TA,Una;prosa;fiuscita,Una prosa fiuscita
138,manica;monella;assi,IM manica monella O CL assi C I,Immani;camonelli;oclassici,Immani camonelli oclassici
139,lenti;doti,VA lenti doti E R I,Valenti;dotieri,Valenti dotieri
140,est;Pascoli,est RO Pascoli ND,Estrapa;scil,Estrapa scil
141,pesce;mostra;pie,pesce D RO mostra pie NO,Pe;scedrostra;pieno,Pe scedrostra pieno
142,aia;pila,G aia BIS pila,Gaia;bispilà,Gaia bispilà
143,activa;razione,C activa A E razione,Cactiva;aerazione,Cactiva aerazione
144,toro;mole,OT toro mole ICI,Otto;romole;icici,Otto romole icici
145,ossi;nari;ascari,ossi GE nari P ascari NI,Ossigenar;i;pascari,Ossigenar i pascari
146,cava;Lino;cernie,cava L Lino DI cernie GNA,Cavallino;di;Cerniera,Cavallino di Cerniera
147,un;quadro;nel;Tiziano,un quadro nel Tiziano,Un;quadro;nel;tiziano,Un quadro nel tiziano
148,lessi;nari,RI F lessi LU nari,Riflessi;lunari,Riflessi lunari
149,in;armadio;lepre;Messa,in armadio B I lepre Messa,Inarmadiobile;premessa,Inarmadiobile premessa
150,lega;ribes;Ero,PO lega U ribes C Ero,Polega;uribesce;roso,Polega uribesce roso
151,anca;rea;la;unta;arrossa;ito,M anca rea L la PP unta M EN arrossa B IL ito,Mancare;all;appuntamento;rossabile,Mancare all'appuntamento rossabile
152,re;la;fa,P re GIA la F fa,Pregiola;ffaffa,Pregiola ffaffa
153,golosi;etti,S O golosi L etti,Sogol;olietti,Sogol olietti
154,pia;tese;lario;rose,pia N tese C O lario M B rose,Piante;secolari;ombrose,Piante secolari ombrose
155,attori;acero;asta,PI attori C acero DIP asta,Piatto;ricacer;od;iposta,Piatto ricacer od iposta
156,marce;icona;tris;marce,SA marce icona L tris A marce I,Samarce;ico;naltra;samarcei,Samarce ico naltra samarcei
157,vite,GRA vite,Gravi;tetri,Gravi tetri
158,ari;posta;chela;ape;lessi,UN ari S posta chela S CI ape RP lessi,Una;risposta;che;lascia;perplessi,Una risposta che lascia perplessi
159,attori;edera,P I attori C edera,Piatto;ricedera,Piatto ricedera
160,la;scia;dei;mas,la scia dei mas TRO,L;ascia;dei;mastro,L'ascia dei mastro
161,Parker;scopa;sedile;ante,Parker O RE scopa E sedile V ante,Parkerores;scopa;es;elevante,Parkerores scopa es elevante
162,ellissi;mostra;anonimi;ori;va;ore;ente;ente,B ellissi mostra DI anonimi ori T RO va T ore C ente M ente,Bellissimo;stradianonimo;ritrovaro;tentemente,Bellissimo stradianonimo ritrovaro tentemente
163,mosche;mi,BOM mosche mi CA,Bommo;schemica,Bommo schemica
164,polli;dive;Rodi;moli,A M polli N E dive T Rodi moli NO,Ampolline;di;vetro;di;MOLINO,Ampolline di vetro di MOLINO
165,Pareto;asso,SAM Pareto asso SA,Sampa;retoassosa,Sampa retoassosa
166,Ro;testa;traditore,P Ro testa CI traditore,Protesta;citore,Protesta citore
167,ultime;nono,C ultime nono TI,Culti;meno;noti,Culti meno noti
168,indios;ovalo;terno;ore,indios I T R ovalo terno A M ore,In;Dio;si;trova;l;oterno;amore,In Dio si trova l'oterno amore
169,Esse;rotti;Tampa;Ci,Esse rotti Tampa Ci,Esser;ottima;pacci,Esser ottima pacci
170,odi;corti;vista,FOT odi corti NA vista VE,Foto;di;Cortina;vista;vele,Foto di Cortina vista vele
171,tre;rie;bastioni,V E tre rie DI bastioni NO,Vetrerie;di;bastino,Vetrerie di bastino
172,allieve;more;su;sullano;avidi,allieve R U more su S sullano I P avidi,Al;lieve;rumore;sussellano;i;pavidi,Al lieve rumore sussellano i pavidi
173,pero;pero,O pero pero ALE,Operope;roiale,Operope roiale
174,forte;nei;Ti;di;dardo,forte nei Ti di dardo,Forte;nei;tidardi;da;drogo,Forte nei tidardi da drogo
175,trave;sarde;serti;cani,AT trave R sarde serti A FRI cani,Attraversar;deserti;africani,Attraversar deserti africani
176,con;su;rossi;Bi;di;versi,con su rossi Bi di versi,Consuros;sibi;diversi,Consuros sibi diversi
177,Anna;ontano,C Anna C ontano,Cannac;ontano,Cannac ontano
178,rio;cipresso,B rio cipresso ALE,Brioci;presso,Brioci presso
179,porta;in;data;ondata,porta B L in data S F ondata,Porta;blindata;sfondata,Porta blindata sfondata
180,ellissi;leva;calvi,B ellissi leva DI calvi NO,Bellissile;vadical;vi;novano,Bellissile vadical vi novano
181,cast;rare;reti,cast U rare P A reti,Casturare;pareti,Casturare pareti
182,rotti;frappé,rotti A F frappé,Rotta;affrappe,Rotta affrappe
183,colli;catena,colli N E catena V E,Colline;catena;vele,Colline catena vele
184,crini;anta,PA N crini anta TA,Panci;ninantata,Panci ninantata
185,Po;ara;pipa;alone,Po R T ara M pipa N T alone,Portar;ampi;pantalone,Portar ampi pantalone
186,dio;Naiadi;Ra,O dio Naiadi T E Ra,Odiona;aditera,Odiona aditera
187,sardina;ori,PRU sardina NS ori,Prusardi;nansori,Prusardi nansori
188,lama;tram;ala;idea,lama E S tram ala C idea,La;maestra;malacidea,La maestra malacidea
189,ovino;odi;sesto,R ovino S odi S sesto,Rovinoso;dissesto,Rovinoso dissesto
190,bar;eco;porto,LI bar eco porto,Libar;eco;porto,Libar eco porto
191,rete;aura,PA rete SF aura,Parete;sfaura,Parete sfaura
192,ossa;microfono,GR ossa BI microfono,Grossa;bimicrofono,Grossa bimicrofono
193,vera;lanaio,vera lanaio,Verala;naio,Verala naio
194,activa;urla,C activa B urla,Cactiva;burla,Cactiva burla
195,tela;pitone;orso,ZE tela L pitone LD orso,Zetè;lapitone;del;Dorso,Zetè lapitone del Dorso
196,caschi;Mosa,BO C caschi U Mosa,Bocca;schiumosa,Bocca schiumosa
197,benna;prodigi,VI benna TO prodigi,Viben;natoprodi,Viben natoprodi
198,cunei;ibisco;tini,cunei N T ibisco T tini,Cuneinti;biscottini,Cuneinti biscottini
199,Ciad;Idalma;ami,S Ciad Idalma G ami N E,Scia;di;dimalagime,Scia di dimalagime
200,lato;tarme,lato tarme S A,La;tortar;mesa,La tortar mesa
201,piramidi;laghetto,A M piramidi CA laghetto,Ampi;rami;di;calagheto,Ampi rami di calagheto
202,amo;some;manico;ondine,F amo some R manico L ondine S E,Famoso;manager;colondine,Famoso manager colondine
203,ari;deboli,A M ari deboli,Amari;deboli,Amari deboli
204,alloro;gogna,V alloro R gogna,Valla;orgogna,Valla orgogna
205,serio;dio,ES serio dio SI,Esseri;odiosi,Esseri odiosi
206,ori;eco;Era,GL ori O eco NDI Era,Glorioe;condiera,Glorioe condiera
207,avo;ree;in;armadio;lepre;etto,L avo RA ree in armadio BI lepre C etto,Lavorare;è;inarmadioble;precetto,Lavorare è inarmadioble precetto
208,atto;cirano,atto cirano,Attico;rano,Attico rano
209,nano;satiro;Era,U nano I O satiro T Era,Una;noiosa;tirotera,Una noiosa tirotera
210,arca;nota;foro;sacco,arca nota foro sacco,Arcano;tao;forosacco,Arcano tao forosacco
211,lario;nati,A lario TTO nati,Alari;ottonati,Alari ottonati
212,ante;divi;negri;articoli,M ante L LO divi S O negri articoli A RO,Mantello;di;visone;grarit;coliar,Mantello di visone grarit coliar
213,cinesi;terra;cinesi;ara,cinesi O T terra SE cinesi F ara,Cine;si;otterrà;se;cin;si;farà,Cine si otterrà se cin si farà
214,in;avere;la;mini,in T avere D E la mini,Intavere;del;aminim,Intavere del aminim
215,osti;re;ori,B R osti re TT ori,Brost;irretitori,Brost irretitori
216,rampa;turate;muta,rampa turate muta,Rampaturà;temuta,Rampaturà temuta
217,arco;carene;pie,N arco T I carene R A pie,Narcotica;re;nerapié,Narcotica re nerapié
218,papera;ancora;per,papera N ancora SCO per TI,Paper;ana;ancora;scoperti,Paper ana ancora scoperti
219,testi;diva;risi;gala,testi diva risi gala,Testi;di;vari;sigalala,Testi di vari sigalala
220,nano;molla,U nano NI molla,Un;anonimo;llama,Un'anonimo llama
221,per;oppio;dito,S per P oppio U dito,Sperpoppo;giovidito,Sperpoppo giovidito
222,scolta;mora;ile,BA scolta M E mora B ile,Bascold;ametmorabile,Bascold ametmorabile
223,olla;esili;coni,C olla N T esili coni C O,Collante;siliconico,Collante siliconico
224,in;sardina,in VA sardina FFI,Invasardi;naffi,Invasardi naffi
225,aloe;con,V aloe con T A,Valo;economa,Valo economa
226,latore;nati,latore M I nati,Lator;eminati,Lator eminati
227,pesce;otri;tino,pesce F I L otri ES tino,Pe;triestino,Pesefiloto triestino
228,risi;cono;caco;sale,C risi E cono MI caco LOS sale,Crisi;economica;colossale,Crisi economica colossale
229,risi;divo;zio,C risi divo CA zio NE,Crisi;di;vocazione,Crisi di vocazione
230,narice;onesto;telefono;ali;iene;isola,U narice TT onesto R telefono V ali G iene isola I,Una;ricetto;non;estor;le;fonovaliografie;nei;solai;Una;ricetto;non;estor;le;fonovaliografie;nei;solai,Una ricetto non estor-le fonovaliografie nei solai
231,prati;caci;vile,prati caci vile,Pratica;civile,Pratica civile
232,rana;ori;ontano,G rana I ori C ontano,Granaio;ricontano,Granaio ricontano
233,Ra;artemide;cono,T Ra TT artemide cono MIA,Trattar;temi;d;economia,Trattar temi d'economia
234,ami;bolli;fata,ami bolli fata,Amibo;lifata,Amibo lifata
235,Tom;siepi;odi,Tom I O siepi S odi,Tomiosie;pissodi,Tomiosie pissodi
236,ave;intere;ostia;zie,ave R E intere S ostia TI zie,Avere;interessiati;zie,Avere interessiati zie
237,Ontario;pero,VOL Ontario pero SI,Volontori;operosi,Volontori operosi
238,bar;carene;re;tane,IM bar carene R re L O N tane,Imbarcar;ante;nella;nottane,Imbarcar ante nella nottane
239,re;oste;chiare,P re SS oste R chiare,Presso;ster;schiare,Presso ster schiare
240,gallo;nero,gallo nero SSO,Galloner;rosso,Galloner rosso
241,dea;Sordi,I dea Sordi A L E,Idea;sordiale,Idea sordiale
242,prati;re;agli;Belgio,prati C A re agli Belgio CO,Praticare;agli;bel;gioco,Praticare agli bel gioco
243,esca;lima;more,esca CO lima R more I,Escocoli;marmorei,Escocoli marmorei
244,squadra;mina,squadra mina,Squadra;minata,Squadra minata
245,lancia;ancora,lancia IN ancora TA,Lanciai;in;ancora,Lanciai in ancora
246,lame;di;Cina;in;dispensa;Bi,lame di Cina in dispensa Bi L E,La;medicina;dispensabile,La medicina dispensabile
247,star;re,Z star MO re,Star;mo;remore,Star mo remore
248,cervi;erosi,OR cervi N erosi,Orcer;verneri,Orcer verneri
249,Verona;costo;Dallas;arpa,BA Verona S costo Dallas C I arpa,Bavero;nascosto;dalla;sciarpa,Bavero nascosto dalla sciarpa
250,in;armadio;ile;arma,in armadio B ile F arma CO,Inarmadiobile;farmaco,Inarmadiobile farmaco
251,Pisa;mura,CA Pisa mura I,Capi;samurai,Capi samurai
252,eredi;ha;parato;nate,OP eredi C ha parato S A N nate,Opere;di;Chopart;tosannate,Opere di Chopart tosannate
253,Ra;zio;Sam;sinai,G Ra zio Sam IS sinai NE,Graziosa;miss;insaine,Graziosa miss insaine
254,Alice;edera;divi,C Alice C edera divi NO,Calice;cedè;da;vino,Calice cedè da vino
255,chiesa;articoli;dee,chiesa G articoli E dee D A,Chi;è;sgarta;colie;d;ed,Chi è sgarta colie d'ed
256,sarde;idolo,CAU sarde idolo RI,Causar;dei;dolori,Causar dei dolori
257,ciocche;usa,B O C ciocche usa,Bocci;occhiusa,Bocci occhiusa
258,attiva;scolari,TR attiva scolari,Tratti;vascolari,Tratti vascolari
259,fede;copri;Giove;ovile,fede S copri N D AG Giove SC ovile,Fedescò;prì;darggiove;scovile,Fedescò prì darggiove scovile
260,oche;oca;osa;ovoide,CI oche P oca C osa POC ovoide,Ciò;ch;è;poca;cosa;poco;voide,Ciò ch'è poca cosa poco voide
261,unica;mina,T unica mina,Tunica;minata,Tunica minata
262,Verona;otre;tino,PO Verona N otre N tino,Povero;nano;trentino,Povero nano trentino
263,fa;Cile;indaco,fa Cile indaco FF,Facile;indaff,Facile indaff
264,monili;avi;giare;epe;colo,monili B B I avi A G giare epe R I colo SO,Monil;ibviav;giare episodio;e;pericoloso,Monil ibviav giare episodio e pericoloso
265,teda;eco;mici,S teda LI eco N O mici,Stedali;economici,Stedali economici
266,pie;arrossita;ale,I M pie G A arrossita T ale,Impiegare;rossitate,Impiegare rossitate
267,avidi;autobus;osti,G R avidi S autobus S C osti,Gravi;disautobus;scosti,Gravi disautobus scosti
268,fa;chiama;ori,fa L chiama T ori CO,Falchi;amatori,Falchi amatori
269,avidi;sordi,G R avidi sordi N I,Gravi;disordini,Gravi disordini
270,sciame;osa,PO sciame NZI osa,Posa;cimentiosa,Posa cimentiosa
271,faro;pere;dotati;ali,faro pere dotati ali,Far;opere;dotati,Far opere dotati
272,tarme;are;avi;lenza,tarme M E N T are L avi O lenza,Tar;mantenare;la;violenza,Tar mantenare la violenza!
273,spia;capace,spia LI capace,Spialica;pace,Spialica pace
274,avi;nani,C HI avi nani R I,Chiavinani;rii,Chiavinani rii
275,ultime;di;ali,C ultime di E V ali,Culti;medievali,Culti medievali
276,Asti;Anco;Ario,B Asti Anco N TR Ario,Bastian;contrario,Bastian contrario
277,grano;rana,SA grano ST rana,Sagra;nostrana,Sagra nostrana
278,sarda;re,VER sarda BE re,Versar;da;bere,Versar da bere
279,buca;cavi;liana,buca LI cavi R G I liana,Bucalica;virgiliana,Bucalica virgiliana
280,est;erica,ON est erica TTA,Oneste;ricatta,Oneste ricatta
281,vele;Idra;coni,N O vele GG Idra coni AN E,Nove;leggi;draconiane,Nove leggi draconiane
282,Al;opea;teso;riso,Al C opea N teso R riso,Alcopeantes;orriso,Alcopeantes orriso
283,sedia;carico;data,DA sedia RI carico R data,Dase;diarica;ricordata,Dase diarica ricordata
284,api;cola;sarda,U N api C cola M AN sarda,Una;piccola;mansarda,Una piccola mansarda
285,para;sarde,para FRA sarde T TI,Parafrasar;detti,Parafrasar detti
286,remi;Ariosto;tana,T remi Ariosto N tana TI,Tre;mia;riostantani,Tre mia riostantani
287,esca;anelli;ossa,P esca R E anelli G ossa,Pescare;anelli;gossosa,Pescare anelli gossosa
288,amo;tra;colletti;scafi;usci,UN amo S tra colletti scafi usci T A,Una;mostra;collettisca;fiuscita,Una mostra collettisca fiuscita
289,Cooper;resi;lista,Cooper O resi M BO lista,Cooperò;resimbolista,Cooperò resimbolista
290,care;tomi,GI O care tomi V E,Giocare;tomi;vive,Giocare tomi vive
291,ortica;nidi;laghetto,C ortica LZO nidi FU laghetto,Corti;calzoni;di;foulagheto,Corti calzoni di foulagheto
292,aria;Senti,F aria LO Senti,Fari;alosenti,Fari alosenti
293,Cooper;rea;ratto,Cooper O rea S T ratto,Cooperò;ratratto,Cooperò ratratto
294,maniero;are,maniero S O F are,Manieroso;fare,Manieroso fare
295,in;catino,in TRI catino DI,Intricati;nodi,Intricati nodi
296,loto;neo;nato,P loto neo R DI nato,Plonato;ordinato,Plonato ordinato
297,orto;nidi;lago,P orto nidi C A lago,Portoni;di;calago,Portoni di calago
298,schede;Pan;alone,TA schede I Pan T alone,Tasche;dei;pantalone,Tasche dei pantalone
299,martini;tino,ME martini S tino,Mema;ristinito,Mema ristinito
300,Pan;Era,NO IO Pan T Era,Noiopa;nutтера,Noiopa nuttera
301,artemide;ami,D artemide S ami,Dar;temi;d;esami,Dar temi d'esami
302,edera;danza;Tampa,CHI edera LFI danza TO Tampa,Chieder;al;fidanzato;Ta;Pan,Chieder al fidanzato: Ta Pan?
303,agave;rame;tela,P agave rame N tela UTA,Paga;veramente;lauta,Paga veramente lauta
304,ari;lessi;ile,O R ari OF lessi B ile,Orario;lessibile,Orario lessibile
305,asse;ile;nodi;canto,C asse D ile G nodi CA canto,Casse;di;legno;di;cacanto,Casse di legno di cacanto
306,asso;eco;Elle;ara;conta,SP asso eco RZ Elle TT ara C conta T A,Spassoe;corzelletta;raccontata,Spassoe corzelletta raccontata
307,sir;ora;mento,sir IO S ora PI mento,Sirioso;rapimento,Sirioso rapimento
308,Scott;ree;letti,Scott O ree C letti CO,Scottore;eclettico,Scottore eclettico
309,versi;nidi;rossi,IN versi O nidi rossi A,Inversioni;di;rossia,Inversioni di rossia
310,Verona;talea;Io,PO Verona talea BET L Io,Povero;natale;a;Betlìo,Povero natale a Betlìo
311,mici;avo;Ontario,O mici D avo L Ontario,Omicida;volontario,Omicida volontario
312,capi;oche;iene;alloro,capi T AN oche V iene DA LL alloro TTA,Capitano;che;viene;dalla;Lorotta,Capitano che viene dalla Lorotta
313,foro;cavi;ione,foro L I cavi S ione,Forolica;visione,Forolica visione
314,activa;in;in;azione,C activa in CL in azione,Cactiva;inclinazione,Cactiva inclinazione
315,asso;Raffaele,SP asso RIE,Spassori;esterni,Spassori esterni
316,cisterna;etti,PA cisterna N N etti,Pacist;rinnetti,Pacist rinnetti
317,acanto;tosa,PL acanto N tosa,Placa;tantoosa,Placa tantoosa
318,cast;la;Tati,cast ELL: la SI Tati,Castelli;lasciati,Castelli lasciati
319,papi;ogiva;enti,papi R O L ogiva L enti,Pirorogivi;valenti,Pirorogivi valenti
320,lift;nodi;laghetto,TA lift nodi C A laghetto,Talifondo;di;calagheto,Talifondo di calagheto
321,lord;vela,lord IS vela TI,Lordiss;velati,Lordiss velati
322,vivaio,GA vivaio,Gavi;vaio,Gavi vaio
323,Acca;Daytona;are,Acca DE Daytona L IT are,Accadèdà;talitare,Accadèdà talitare
324,marcia;pere,A marcia M pere,Amarc;ampere,Amarc ampere
325,lidi;con;orme;or,V A lidi con orme T T or,Validi;conformatore,Validi conformatore
326,iro;vate;esca,V iro DO vate D esca,Viro;dovate;desca,Viro dovate desca
327,tra;sci,tra sci G I A,Trasc;igia,Trasc igia
328,anitra;gin;lidi;seri,P anitra RI gin A lidi seri A L,Pani;tariginali;di;Serial,Pani tariginali di Serial
329,Ro;dotto;terno;sire,P Ro dotto IN terno sire O,Prodotto;interno;sireo,Prodotto interno sireo
330,Ra;zio;Sam;sesto,G Ra zio Sam IS sesto NE,Graziosa;miss;estone,Graziosa miss estone
331,testa;para;ultime;ali,testa RA P para TI M ultime DI ali,Testar;apparati;militare,Testar apparati militare
332,la;mimosa;gomito,A la mimosa N gomito,Alamim;osangomito,Alamim osangomito
333,leva;dita,PRI leva E dita,Prive;vaedita;tata,Prive vaedita tata
334,orme;di;carene;capre,E N orme di carene capre C O L O,Enorme;dicarene;caprecolo,Enorme dicarene caprecolo
335,iris;edile;Giona,P iris N edile Giona RI,Pirisne;di;legionari,Pirisne di legionari
336,api;asso,TUR api asso SA,Turpa;piassosa,Turpa piassosa
337,aratro;rei;pia;odi;Erato,S aratro rei NU N pia NT odi SP Erato,Saratrorei;un;pi;antodi;sperato,Saratrorei un pi antodi sperato
338,inesorabili;tacchi,GR inesorabili S tacchi,Grine;sorabili,Grine sorabili
339,est;arpe;lessi,D est arpe R P lessi T A,Destar;perplessità,Destar perplessità
340,pipe;siero;sieri;lessi,TI pipe N siero sieri F lessi VI,Tipi;pensierosi;e;riflessivi,Tipi pensierosi e riflessivi
341,parete;ala,ZAP parete R ala,Zappare;terra;là,Zappare terra là
342,case;lario;nati,case L lario R D I nati,Casellari;ordinati,Casellari ordinati
343,federa;amaro,federa FF amaro SI,Fede;raffamarosi,Fede raffamarosi
344,Ero;cobra;Pellico;etti;ari;arsi,Ero I C cobra P Pellico STR etti ari T IR arsi,Eroico;cobrappe;licostretti;a;ritirarsi,Eroico cobrappe licostretti a ritirarsi
345,secco;osa;in,secco I osa F in E,Secchioosa;fine,Secchioosa fine
346,rotella;nata,BI rotella PA nata,Birotell;panata,Birotell panata
347,macellai;sci,T O macellai sci A,Tomacè;lascià,Tomacè lascià
348,Magnani;Daytona;coni,Magnani Daytona coni,Magnanida;tonaconi,Magnanida tonaconi
349,Sam;Diana;oche;remo,E Sam IN Diana P oche remo TE,Esaminar;iani;a;pochè;remote,Esaminar iani a' pochè remote
350,orme;di;sesto,EN orme di S sesto,Enorme;dissesto,Enorme dissesto
351,ambi;stria;rei,GR ambi S A stria E rei,Grambi;sastrii;aerei,Grambi sastrii aerei
352,Ra;dotto;Vega,P Ra dotto Vega NO,Pradotto;vegano,Pradotto vegano
353,grano;ile,N E grano B ile,Negra;nobile,Negra nobile
354,toro;redi;denti,S toro redi P EN denti,Storodipendi;pendenti,Storodipendi pendenti
355,Elena;dito,ALB Elena RI dito,Albela;renditito,Albela renditito
356,oca;tori;mas;vello;peri,GI oca tori O R mas vello SU peri ORE,Giocatori;ormar;a;svolpe;rioperio,Giocatori ormar a svolpe rioperio
357,passa;agli;ad;mosche;dita,passa C agli ad I mosche N E dita,Passacaglia;di;Mosco;Henedita,Passacaglia di Mosco Henedita
358,leva;randello,ULTi leva DiPi randello,Ultile;vadipirà;di;Randello,Ultile vadipirà di Randello
359,veli;articoli;asso,B RE veli T I articoli asso SO,Breve;litario;collassoso,Breve litario collassoso
360,nane;are;nani,CA nane LL are nani A,Cananela;renan;ananía,Cananela renan ananía
361,Ra;artemide;api;Urano;Ra,T Ra TT artemide LL api TT Urano ST Ra,Trattar;temi;della;pittura;nostra,Trattar temi della pittura nostra
362,arie;still;con;erma,S arie still con F erma,Sieristil;conferma,Sieristil conferma
363,pinna;osti,pinna S C osti,Pin;nascosti,Pin nascosti
364,epe;colo;re;Ares;chiavi;le;ladro,epe R I colo SO re S T Ares chiavi le ladro G A,È;pericoloso;restare;schiavi;delle;droga,È pericoloso restare schiavi delle droga
365,Diogene;federe;ori,STU Diogene R I federe N ori,Studio;generale;res;enormi,Studio generale res enormi
366,su;sardina;nidi;tesa,su A sardina N nidi N tesa,Suasardi;nanni;d;intesa,Suasardi nanni d'intesa
367,ontano;tea;pica,P ontano NI tea TI pica,Pontanoni;taitipica,Pontanoni taitipica
368,sardina;su,EVI sardina su RE,Evisardi;nasure,Evisardi nasure
369,sardina;menti,EVI sardina D I menti,Evisardi;namenti,Evisardi namenti
370,mas;menta;telo;dio,mas menta telo dio,Mas;mentatelo;d;Iodio,Mas mentatelo d'Iodio
371,duca;scola;etto,duca O RE scola GH etto,Ducaoresco;laghetto,Ducaoresco laghetto
372,lepri;vile,U TI lepri vile GIO,Utile;privilegio,Utile privilegio
373,aglio;in;Erie,SB aglio in VOL Erie,Sbaglio;involerie,Sbaglio involerie
374,marcia;con;proiettile,marcia con proiettile,Marcia;con proiettile,Marcia con proiettile
375,papi;onde;zio,papi LL onde LI zio SO,Pipillon;delizioso,Pipillon delizioso
376,Cile;per;esca;filo;vaglia;cono;ceri;nidi;azza,EFA Cile per esca filo D I vaglia cono S ceri C A nidi R azza,È;facile;per;es;caffilodì;va;giacon;oscerici;a;nidi;ra;zza;È;facle;per;es;caffilodì;va;g,È facile per es caffilodì va giacon oscerici a nidi ra zza
377,Levi;eco,Levi O eco RCA,Levioeco;rcca,Levioeco rcca
378,Boccia;rape;ante,Boccia T U rape S ante,Bocciatura;pesante,Bocciatura pesante
379,la;pinna;Ural,la pinna T Ural E,Lapi;nuturale,Lapi nuturale
380,Scott;Reno,Scott O Reno TO,Scottore;noto,Scottore noto
381,urla;ori;tori;ari,urla T ori A U tori T ari,Urlatori;autoritari,Urlatori autoritari
382,federe;timoni,PA L federe S timoni,Palfe;del;Estrimoni,Palfe del Estrimoni
383,boccia;trave;mici,BIS boccia trave R IA mici,Bisbocciar;tra;veri;amici,Bisbocciar tra veri amici
384,pero;osa,MOS pero NZI osa,Mospe;ronziosa,Mospe ronziosa
385,asso;etti;orchi,C asso N etti S P orchi,Cassonetti;sporchi,Cassonetti sporchi
386,vuote;ginestra,A vuote MI ginestra,Avuote;mig;inestra,Avuote mig inestra
387,pinna;lidi;reti,pinna CO lidi M I NA reti,Pinacolidi;mi;naretini,Pinacolidi mi naretini
388,sarda;rospi;orcio,PAS sarda VE rospi L orcio,Passar;da;vero;spilorcio,Passar da vero spilorcio
389,cono;Daytona;orata,E cono Daytona G LI orata,Economa;tonagliorata,Economa tonagliorata
390,spia;asce;avi;liana,spia LIC asce N avi RG I liana,Spialica;scena;virgiliana,Spialica scena virgiliana
391,tuba;ras;traina,tuba T U ras traina TA,Tubatura;strainata,Tubatura strainata
392,aro;ali,AS aro NT R ali,Asaron;tralizi,Asaron tralizi
393,la;Pan;Era,la G N O Pan T Era,Lagnopa;tardera,Lagnopa tardera
394,corta;dono,S corta dono RE,Scorta;d;onore,Scorta d'onore
395,armadietto;maestro;ed;agli,armadietto maestro R ed I agli O,Armadietto;mai;estrerò;di;aglio,Armadietto mai estrerò di aglio
396,nero;sali,nero sali SA,Nero;salì,Nero salì
397,perso;lesa;Ario,perso N A lesa NIT Ario,Personale;sanitario,Personale sanitario
398,malesi;Asia;malesi;Asia;malesi;Asia;malesi;Asia,S E malesi FA Asia,Se;male;si;fa;Asia;in;A;Se;male;si;fa;Asia;in;A;Se;male;si;fa;Asia;in;A,"Se male si fa, Asia in A"
399,lord;sol;To,lord OI N sol To O,Lordino;solitario,Lordino solitario
400,ostia;urne,PAS ostia T T urne,Pasostia;tturne,Pasostia tturne
401,star;dito,SI star CI dito,Sistar;ciditoto,Sistar ciditoto
402,losca;foca;Zero,losca foca Zero,Lo;scafò;cavero,Lo scafò cavero
403,nero;crini;radio;Po;tori,U nero I crini E radio P Po SI tori,Un;eroici;riniere;ad;oppositori,Un'eroici riniere ad oppositori
404,tre;uovo;Ontario,S tre N uovo L Ontario,Strenuo;volontario,Strenuo volontario
405,legge;api;ossa,legge R api U ossa GI A,Leggera;piuosa;giaia,Leggera piuosa giaia
406,campanello;asse;Ati,campanello N asse G N Ati,Campa;nel;nostagni,Campa nel nostagni
407,in;Audi;testo;ed;Qui;lenza,in Audi testo RI ed Qui O lenza,Inaudite;storie;di;Quiolenza,Inaudite storie di Quiolenza
408,ad;dotto;oste;ile,P ad dotto S oste NIB ile,Paddotto;sostenibile,Paddotto sostenibile
409,ostia,NIS ostia,Nisosti;aia,Nisosti aia
410,sacco;Dell;Ob,CO sacco Dell Ob,Cosacco;del;Ob,Cosacco del Ob
411,tomo;sedia;azza,AU tomo sedia R azza TE,Automossee;razzate,Automossee razzate
412,artemide;rosi,F artemide C O rosi,Far;temi;decorosi,Far temi decorosi
413,tori;duna;rosa;moli,S tori E duna LTE rosa moli I,Storie;d;un;altero;samolii,Storie d'un altero samolii
414,in;risotto;corta,M in IST risotto S corta,Ministri;sotto;scorta,Ministri sotto scorta
415,basto;neve;vile,IL basto neve S CO vile,Il;bastone;vescovile,Il bastone vescovile
416,camere;ante,BOC camere U M ante,Bocca;meramente,Bocca meramente
417,faccia;mogia;conti;ontano;odi;mani,faccia mogia I conti C ontano N D odi D O mani,Facciamo;già;i;conti;con;tanno;dò;domani,Facciamo già i conti con tanno dò domani
418,mais;dio,mais dio,Mai;sodio,Mai sodio
419,arti;lario;ori,P arti CO lario D ori,Particolari;odori,Particolari odori
420,arpe;caraffa;avi,F arpe C caraffa N GR avi,Far;peccara;fra;gravi,Far peccara fra gravi
421,mento;satire;Ra,LA mento satire T E Ra,Lamentosa;tiretera,Lamentosa tiretera
422,secco;some;saggio,secco I O some S saggio,Secchiooso;messaggio,Secchiooso messaggio
423,eredi;onde,eredi LL onde T I,Eredillo;Dentit,Eredillo Dentit
424,dama;federe,dama S federe NDE,Damasse;dei;rende,Damasse dei rende
425,ro;dotto;ale,P ro dotto LOC ale,Prodotto;locale,Prodotto locale
426,coppia;sai;olenti,S coppia S sai VI olenti,Scoppi;assai;violenti,Scoppi assai violenti
427,gilet;anice;zio,A gilet OR anice zio NE,Agile;torani;ce;zione,Agile torani ce zione
428,Ra;dea;lido,G Ra N dea lido NO,Grande;ali;d;onono,Grande ali d'onono
429,api;dive;Cerere,C api dive S TI Cerere,Capi;di;vesticerere,Capi di vesticerere
430,gin;in;silos;ile,LO gin in silos B ile,Log;in;insilosbile,Log-in insilosbile
431,su;la;si;Volga,"su DIC, la si Volga RI",Sudica;lisi;volgari,Sudica lisi volgari
432,rovescio;Po;rovescio;pera;tiara,MO rovescio M Po NI rovescio M pera tiara TE,Morove;scomponitore;scomperati;a;rate,Morove scomponitore scomperati a rate
433,pesce;in;lobo;via,pesce in lobo LI via NO,Pe;seinlobo;liviano,Pe seinlobo liviano
434,arto;in;dotto,P arto in dotto,Parto;indotto,Parto indotto
435,Lazio;nei;onde,IL Lazio nei N F onde,Illazione;infonde,Illazione infonde
436,nave;trina;onda,U nave trina S F onda,Una;vetrina;sfonda,Una vetrina sfonda
437,eleganti;epa;trio,eleganti A R epa trio TI,Eleganti;aretrioti,Eleganti aretrioti
438,stole;email;posa,C O stole T email P posa,Costolette;impostosa,Costolette impostosa
439,Oglio;coli,Oglio S T A coli,Oggi;ostacoli,Oggi ostacoli
440,ariete;neri;Dan,C ariete neri S SI Dan CI,Cari;e;tenerissidi;ancisi,Cari e tenerissidi ancisi
441,rotti;rapa;oca;Enza,rotti A rapa SS oca D Enza TO,Rottiar;a;passo;cadenzato,Rottiar a passo cadenzato
442,unti;come;minino,unti P I come R minino,Un;tipico;merminino,Un tipico merminino
443,barba;crini,barba RI crini E RA,Barbarica;riniera,Barbarica riniera
444,odi;rame,RAM odi CA rame,Ramo;di;caramé,Ramo di caramé
445,fa;stie;motopirata,AF fa RI stie motopirata I,Affaristi;motori,Affaristi motori
446,treno;rivista;cappa;esche,treno V rivista cappa C C esche,Tre;novrivi;staccappacce,Tre novrivi staccappacce
447,mais;osa,NE mais I osa,Nemai;siosa,Nemai siosa
448,dama;cernia,LIN dama N cernia,Linda;mancernia,Linda mancernia
449,anca;Ivano,C anca NF Ivano,Cancan;fianvò,Cancan fianvò
450,mas;pia;ceri;dio;mas;pia;ceri;dio;mas;pia;ceri;dio,mas N O pia ceri M E dio,Mas;n;o;piacer;i;m;edio;Mas;n;o;piacer;i;m;edio;Mas;n;o,Mas n o' piacer i' m edio
451,are;est;barba,D are L est REM barba,Dare;l;estremo;barba,Dare l'estremo barba
452,rei;esili,rei N esili O,Re;in;esilio,Re in esilio
453,pini;nei;aura,O pini O nei NF aura,Opinione;infaura,Opinione infaura
454,taglia;in;vile,GE N taglia in C I vile,Gentaglia;incisive,Gentaglia incisive
455,ava;ile;nodi;vasca,T ava D ile G nodi CA vasca,Tavadi;le;gnodi;ca;vasca,Tavadi le gnodi ca vasca
456,pirati;lato,pirati M U lato,Pira;timulato,Pira timulato
457,marcia;proiettile,marcia I N proiettile,Marcia;inproiettile,Marcia inproiettile
458,papi;istrici,papi L istrici N DY,Pilistri;cindy,Pilistri cindy
459,anta;neo,C anta N neo CK,Cantanne;ock,Cantanne ock
460,lumi;con;ove,lumi L E con V ove O,L;umile;convoveo,L'umile convoveo
461,ossi;balla;rom;si,P ossi balla M P rom ES si,Possiball;ampromessi,Possiball ampromessi
462,toc;portico;Ario,VO toc portico T R Ario,Voto;porticotra,Voto porticotra
463,re;si;neo;arrossa;cari;Eva,P re S si O neo R arrossa TI cari L Eva TA,Pressione;orarrossati;calleva,Pressione orarrossati calleva
464,sarda;pesa,PAS sarda pesa RO,Passar;da;Pesaro,Passar da Pesaro
465,sci;star;teso,sci O P star T teso,Sciopstar;tetteso,Sciopstar tetteso
466,chiama;Fred,LUS chiama F Fred,Lusci;amaffred,Lusci amaffred
467,araba;dadi;Einaudi;domino,S araba N dadi Einaudi N domino RE,Sarabadad;ai;nei;un;dì;dominore,Sarabadad ai nei un dì dominore
468,vile;giostra,PRI vile giostra NO,Privilegio;strano,Privilegio strano
469,tris;coppia,VE tris coppia TI,Vetri;scoppiati,Vetri scoppiati
470,riva;rese;rei;Ario,AR riva rese MP rei N O R Ario,Arrivare;sempre;in;orario,Arrivare sempre in orario
471,lari;bocca;esca,lari M A bocca CC esca,La;rima;bocccesca,La rima bocccesca
472,Pi;grano;ami;lane,Pi grano N N ami lane S E,Pigra;nonna;milanese,Pigra nonna milanese
473,rossi;errati,APP rossi errati FR E,Approssier;attire,Approssier attire
474,manovella,RA manovella,Rama;novella,Rama novella
475,anonimi;oli;lato,D I anonimi oli VEL lato,Dianoni;miovellato,Dianoni miovellato
476,tic;Al,MEN tic Al E,Menti;calese,Menti calese
477,ostia;chiare,SCU ostia N chiare,Scuostia;chi;ariale,Scuostia chi ariale
478,asini;rada;ossa,U N asini ST rada ossa GI A,Una;sinistra;dao;sagia,Una sinistra dao sagia
479,via;giardino;monili,via G giardino TTE monili VE,Viaggiar;di;notte;monil;Ive,Viaggiar di notte monil Ive
480,alce;cicala,C alce cicala TA,Calce;calata,Calce calata
481,are;Ariosto;tana,TU are Ariosto N tana TI,Tuarea;riportantani,Tuarea riportantani
482,dotta;menta,CON dotta F menta,Condotta;fomenta,Condotta fomenta
483,uovo;la,N uovo CA la,Nuovo;cala,Nuovo cala
484,belli;eco;aratri,belli CO eco RB aratri BU,Bellicoe;corbarà;tribù,Bellicoe corbarà tribù
485,con;nani;Era,con FU nani T Era,Confuna;nitera,Confuna nitera
486,in;serio;ali,in serio N ali,Insi;onali,Insi onali
487,cunei;Eris;otto,cunei NT Eris otto,Cuneinter;isotto,Cuneinter isotto
488,ha;fallita;liana,ha F fallita liana,Haffa;all;italiana,Haffa all'italiana
489,lessi;ami;are,lessi C O F ami G LI are,Lessico;famigliare,Lessico famigliare
490,radi;uomini,OPE radi uomini TTE,Opera;di;uominitte,Opera di uominitte
491,nane;mici;sedia;Ti,C A nane mici A S sedia Ti,Cananemi;ciasse;diatitii,Cananemi ciasse diatitii
492,anta;nidi;laghetto,P anta L O nidi FU laghetto,Pantaloni;di;foulaghet,Pantaloni di foulaghet
493,elsa;foro,B elsa M foro,Bel;samforo,Bel samforo
494,Boudriot;asso,BIM Boudriot asso SA,Bimbo;diotassosa,Bimbo diotassosa
495,nato;rane,U nato rane S A,Una;torana;nesa,Una torana nesa
496,papera;tori,OP papera V A tori,Oppaper;avatori,Oppaper avatori
497,idea;mini;ria,S idea mini STE ria LE,Sieder;aministeriale,Sieder aministeriale
498,colo;biche;mais,colo M biche M I mais,Colombi;che;mimiamis,Colombi che mimiamis
499,dotto;stato,PRO dotto TE stato,Prodotto;testato,Prodotto testato
500,diritto;vile,diritto C I vile,Diritto;civile,Diritto civile
501,tra;vaglia;la,tra vaglia la RIA,Travagliala;ria,Travagliala ria
502,oli;nodi;rossi,RU oli nodi rossi A,Ruolino;di;rossia,Ruolino di rossia
503,carta;mento;dotto,S carta mento R I dotto,Scartamento;ridotto,Scartamento ridotto
504,arma;indiani;Ra,AF arma LE indiani AV Ra,A;far;male;indi;ni;avrà,A far male indi ni avrà
505,canto;fuso,canto fuso,Cantof;uso,Cantof uso
506,eco;eco;Corto,IND eco RO eco L Corto,Indecorose;cortocon,Indecorose cortocon
507,lago;teda;maritata,lago F teda R A maritata,La;gofte;daramarita,La gofte daramarita
508,Napoli;porti;cime;fon;da,U Napoli S porti cime fon da TA,Una;polisportici;femondata,Una polisportici femondata
509,ava;pie;aia,C ava D I pie T aia,Cava;di;pietà;ià,Cava di pietà ià
510,cunei;ile;corni,cunei N T ile C corni E,Cuneintile;cornicie,Cuneintile cornicie
511,ava;pedina;dame;cani,ava M pedina R dame R I cani,Avampedin;ardamericani,Avampedin ardamericani
512,rosari;amaro,rosari N F amaro,Rosà;rinfamarò,Rosà rinfamarò
513,Idra;icone;gente,Idra UL icone G L I gente,Idraulico;negligente,Idraulico negligente
514,oca;lima;sarda,L oca lima N sarda TI,Locali;mansardati,Locali mansardati
515,piombaro;di;assale,piombaro di B assale GA,Piomba;ro;dibass;alega,Piomba ro dibass alega
516,rima;nere;chiama;pesi,rima nere chiama pesi,Rimanere;chamapes,Rimanere chamapes
517,pesce;filo;rea;tino,pesce filo rea tino,Pe;scefilore;atinino,Pe scefilore atinino
518,con;la;va;cicogna,GIO: con D la va cicogna TI,Giocond;lavachi;cognati,Giocond lavachi cognati
519,papi;nari,papi LL O nari GH E,Papillon;a;righi,Papillon a righi
520,Un;activa;urla,Un A C activa B urla,Una;caccia;vurla,Una caccia vurla
521,coda;destro;si,BOS coda BE destro S si,Bosco;d;abede;strosi,Bosco d'abede strosi
522,onda;rane;mento;Lodi,N onda R rane mento AL Lodi O,Non;dar;ran;entomalo;all;odio,Non dar ran entomalo all'odio
523,viola;Isotta;riva,viola Isotta riva,Viola;Iotta,Viola Iotta
524,lessi;nei;Tell;gente,RIF lessi O nei N Tell I gente,Riflessione;intelligente,Riflessione intelligente
525,nani;cinesi;avi;vetri;mente,U nani cinesi G I avi vetri ST E mente,Un;anice;nisigi;aviv;entristemente,Un'anice nisigi aviv entristemente
526,forte;olio;nani;lira,CON forte V olio nani L lira N,Confortevoli;onanili;ran;can,Confortevoli onanili ran' can
527,archi;asso;Ortese,F archi asso S F Ortese,Far;chiasso;sfortese,Far chiasso sfortese
528,cena;Cooper;esca,S cena Cooper O R esca,Scena;cooperoresca,Scena cooperoresca
529,osa;vile,P osa SER vile,Posa;servile,Posa servile
530,lessi;redi;ali,C lessi D redi GIT ali,Clessideri;digitali,Clessideri digitali
531,arabi;boccia,A M arabi S boccia,Amara;bisboccia,Amara bisboccia
532,con;tre;M;fa,con S tre M F fa,Constrem;ffa,Constrem ffa
533,arco;neri;orsi,B arco neri M orsi A TO,Barcone;rimorsiato,Barcone rimorsiato
534,lancia;Trani;si,CA lancia Trani S si MO,Cala;niacitranissimo,Cala niacitranissimo
535,re;uomini,re NE uomini T TE,Rene;uminitte,Rene uminitte
536,pesce;oche;destra;pino;perla;accia,pesce FIL oche A D destra S pino N I perla C accia,Pe;scefilo;che;addestra;spinoni;per;la;caccia,Pe scefilo che addestra spinoni per la caccia
537,oste;giostra;ontano,P oste G giostra C ontano,Posteggio;stracontano,Posteggio stracontano
538,canto;nero;scia,canto nero VE scia TO,Cantone;rovesciato,Cantone rovesciato
539,sta;pesca;sardina;nate,sta M pesca sardina S T I nate,Stampe;scasardi;nasinate,Stampe scasardi nasinate
540,ode;lepre;macine;Ale,L ode VO lepre macine F I L I Ale,Lodevole;premica;finale,Lodevole premica finale
541,Cooper;rana,Cooper U rana IF,Cooperù;Ranaif,Cooperù Ranaif
542,amo;eco;Mia,F amo eco R Mia A,Famoe;cormiaa,Famoe cormiaa
543,coppia;api;Gere;perle;zio,S coppia R api AN Gere perle MO zio NE,Scoppiar;a;piangere;per;l;emozione,Scoppiar a piangere per l'emozione
544,risi;Lea;tacco,risi B I Lea T tacco,Risibile;attacco,Risibile attacco
545,sedici;Eva;mosca;orana,CA sedici NQU Eva NI mosca N orana,Case;di;cinque;vani;mos;canorana,Case di cinque vani mos canorana
546,tra;puro,tra PP OL puro PI,Trappolp;up;rapi,Trappolp up rapi
547,rea;esca;ali,T rea NN esca R M ali,Tre;annescar;marmi,Tre annescar marmi
548,onesto;oli,MI onesto B oli,Mioine;stoli,Mioine stoli
549,vino;eco;rotta,RO vino eco N CA rotta,Rovinone;conquistata,Rovinone conquistata
550,spia;arnie;sottili,spia Z Z arnie sottili,Spiazza;rni;eso;t;lili,Spiazza rni eso t lili
551,tappa;latte,tappa F latte,Tappa;flatte,Tappa flatte
552,papera;gradi,papera N gradi T I,Paper;ang;graditi,Paper ang graditi
553,orchi;rete;timoni,T orchi A rete S timoni,Torchiare;testimoni,Torchiare testimoni
554,Veneto;lidi;scafi,RI Veneto V O lidi scafi,Rivenetovoli;discafi,Rivenetovoli discafi
555,ari;etti;la;Nat,C L ari N etti S la Nat O,Clarinettista;latino,Clarinettista latino
556,visi;sarto,visi T AR sarto TI,Visitar;starto;titi,Visitar starto titi
557,volano;geni,RA volano geni T O,Ravo;lanogenito,Ravo lanogenito
558,mesto;nate,CO mesto RDI nate,Come;stordinate,Come stordinate
559,Roma;ovale,PIG Roma N ovale,Pigro;manovale,Pigro manovale
560,cunei;epa,cunei N T epa STO,Cuneinte;pasto,Cuneinte pasto
561,ambi;arpa;alone,C ambi arpa N T alone,Cambiar;pantalone,Cambiar pantalone
562,sardella;re;mi;oli,U sardella re N O mi G N oli,Usar;dell;arenomignoli,Usar dell arenomignoli
563,file;ultime;di,file M ultime di ALE,File;multimediale,File multimediale
564,Ra;some;arena,G Ra ZI O some R arena,Grazioso;merarena,Grazioso merarena
565,colle;acanto;arrossa;Ra,colle T acanto V U arrossa S E Ra,Colletacan;tuvuarro;sasera,Colletacan tuvuarro sasera
566,lessi;avo;lumino,C lessi DR avo lumino SA,Clessidra;voluminosa,Clessidra voluminosa
567,foro;sali,TA foro LO S sali,Tao;rolessali,Tao rolessali
568,acino;ontano;ascari,B acino M ontano C ascari,Bacino;montano;cascari,Bacino montano cascari
569,fortino;ostile,fortino S ostile,Fortinoso;stile,Fortinoso stile
570,oggi;oca;radice,J oggi N oca radice NA,Gignono;car;adi;ce;nana,Gignono car'adi ce nana
571,api;alette;mora,L api NU alette mora TA,La;pina;le;tetramorata,La pina-le tetramorata
572,Bach;essi,BOM Bach ES essi,Bomba;che;sessi,Bomba che sessi
573,fa;vi;ricamo;menta,fa vi ricamo VI menta TA,Favi;ricamo;vivimentata,Favi ricamo vivimentata
574,su;eroina;ile,su O C eroina B ile,Suocero;inabile,Suocero inabile
575,lese;ovali;ovalo,lese M P I ovali D ovalo,L;esempio;valido;valo,L'esempio valido valo
576,lacca;Talla;redi;orno,lacca DE Talla LI T A redi LIV orno,L;accadella;latitare;di;livorno,L'accadella latitare di livorno
577,nume;Tom;Pio,nume Tom Pio,Numeto;mpio,Numeto mpio
578,boccia;rea;avi,S boccia rea LL avi T A,Sbocciare;alla;vita,Sbocciare alla vita
579,asse;oca;donato,asse GN oca MB I donato,Assegno;cambiato,Assegno cambiato
580,rigo;alone,VA rigo N F alone,Vari;gonfalone,Vari gonfalone
581,Ercole;radice,T Ercole radice NA,Tè;con;le;rad;icena,Tè con'le radicena
582,genitori;Ciad;orate,genitori T R I Ciad DOL orate,Generitori;tricaddorate,Generitori tricaddorate
583,ave;remo;di;da;Verona;babbo,ave remo di da Verona babbo,Avere;modi;da;vero;nababbo,Avere modi da vero nababbo
584,con;fez;arpa;alone,con fez I O N arpa N T alone,Confezionar;pantalone,Confezionar pantalone
585,dio;cipresso,STU dio cipresso ALE,Studioci;pressoale,Studioci pressoale
586,amo;vareseti;arsi,S amo vareseti N T arsi AT O,Samovare;settarsia,Samovare settarsia
587,fon;anestetico;ali,fon D I anestetico T ali,Fondi;à;nese;ticotali,Fondi à' nese ticotali
588,botti;ceri;nata,botti ceri S A nata,Bottic;risanata,Bottic risanata
589,unti;ontano;Torino;uovo;arca,unti PO C ontano Torino N uovo DI M arca,Un;tipo;con;tanorino;nuovo;di;marca,Un tipo con tanorino nuovo di marca
590,corta;oli;tic;in;stria,AC corta P oli tic A in D U stria LE,Accorta;politica;industriale,Accorta politica industriale
591,re;anestetico;ali,P re SI anestetico T ali,Presidente;ticotali,Presidente ticotali
592,in;silos;Bi;limoni;Ti,in silos Bi limoni Ti,Insilosbilimoni;titi,Insilosbilimoni titi
593,vere;orata;menti,A vere VI orata D I menti,Aver;eviorata;dimenti,Aver eviorata dimenti
594,Ra;artemide;ode,T Ra TT artemide M ode,Trattar;temi;demodé,Trattar temi demodé
595,accetta;rovescio;stazioni,IN accetta rovescio N T E stazioni,Inaccettavose;contestazioni,Inaccettavose contestazioni
596,mina;massi;issa,SI mina E massi N issa,Simina;e;massinissa,Simina e massinissa
597,Pascoli;Capri;pesca,CA Pascoli ROC Capri NCI pesca,Capa;solcori;caprincipesca,Capa solcori caprincipesca
598,Padova;onda;pio,PO Padova UFR onda R pio,Popado;vaurondo;arpio,Popado vaurondo arpio
599,est;rottami;mente;con;dotto,R est Y rottami MA mente con dotto,Restyrotta;immamemente;condotto,Restyrotta immamemente condotto
600,zio;sia;unti,SFI zio sia P unti NO,Sfiziosi;apuntino,Sfiziosi apuntino
601,artemide;ami,F artemide S ami,Far;temi;d;esami,Far temi d'esami
602,nassa;Pascoli;buccia,U nassa ILI Pascoli B buccia,Un;assai;lia;colubuccia,Un'assai lia colubuccia
603,mici;teda,C O mici teda TI,Comici;tedati,Comici tedati
604,va;rose;borra;anche,va LO rose T R I borra M anche,Valorose;tribò;ramanche,Valorose tribò ramanche
605,artemide;nidi;ode,F artemide G nidi L ode,Far;temi;degni;di;lode,Far temi degni di lode
606,tasto;dita,TES tasto R dita,Testa;stordita,Testa stordita
607,mine;tra;pallini,mine S tra pallini NT E,Minestra;pallininte,Minestra pallininte
608,gelosi;con;more,S O gelosi con more,Sogel;os;i;conmo,Sogel os i' conmo
609,notes;franco;are,MA notes franco C C are,Mano;ters;fra;coccare,Mano ters fra coccare
610,ari;on;cardi,ari T on O cardi CA,Arionto;cardicca,Arionto cardicca
611,esca;trota;tra;tacchi,TR esca trota N tra T tacchi,Tre;scatrota;trattacchi,Tre scatrota trattacchi
612,viola;area;di;mente,viola FF area di T A mente,Violaffa;reatamente,Violaffa reatamente
613,pesce;oca;tane,pesce F IL oca tane SE,Pe;sefiloca;tanese,Pe sefiloca tanese
614,nani;lava,C A nani L lava LLE,Cananilla;valle;valle,Cananilla valle valle
615,para;destro;di;porta,para destro I di AS porta T E,Paradestroi;diportate,Paradestroi diportate
616,do;gnomo;dio,do P IN gnomo STA dio,Dopping;nome;stadio,Dopping nome stadio
617,Osella;etti,MI Osella M etti,Miose;lametti,Miose lametti
618,orchi;Stewart;Era,orchi Stewart Era,Orchista;vera,Orchista vera
619,nane;crini,BA nane IN crini,Banane;in;crini,Banane in crini
620,agave;natura;rata,V agave natura A MB rata,Vaga;venatura;ambrata,Vaga venatura ambrata
621,gnomo;arrossa;nato,LE gnomo L arrossa GI O nato,Legno;molar;rossagionato,Legno molar rossagionato
622,alci;salici,alci S salici NA,Alciss;salicina,Alciss salicina
623,olle;articoli,C olle articoli U SO,Collearti;coliuso,Collearti coliuso
624,in;catino;di;riso,in TRI catino di riso LTI,Intricati;nodi;risolti,Intricati nodi risolti
625,tra;artemide;orme;intere,tra T T artemide N orme intere SSE,Trattar;temi;d;enorme;interesse,Trattar temi d'enorme interesse
626,pirati;tane;orto,pirati S tane L T orto,Pira;ti;sta;nel;torto,Pira ti sta nel torto
627,starne;lama;Coris,R E starne L lama N Coris,Restar;nella;mancoris,Restar nella mancoris
628,naso;leva,U naso M leva,Una;somle;vavola,Una somle vavola
629,arca;radura,M arca TU radura,Marcatura;dura,Marcatura dura
630,pere;viola;are,S A pere viola F F are,Sapere;violaffa,Sapere violaffa
631,anca;Ivo,C anca NSF Ivo,Cancan;sfivovò,Cancan sfivovò
632,porta;in;menta,porta R in F menta,Porta;rinfmenta,Porta rinfmenta
633,Sardegna;amate,Sardegna S Q U amate,Sarde;gnasquame,Sarde gnasquame
634,tetro;teda,UN tetro teda NTO,Un;tetro;te;da;tanto,Un tetro te da tanto
635,Cam;Ivo,Cam P OD Ivo,Campò;divo,Campò divo
636,se;onde,se LL onde IT,Sellonde;in;dite,Sellonde in dite
637,papa;ondine;rase,papa L L ondine rase T A,Papalon;di;Nera;Seta,Papalon di Nera Seta
638,sciarada;toro;anni,LA sciarada L toro FF anni,Lasciar;ad;altri;off;anni,Lasciar ad altri off anni
639,sardina;velli,AR sardina R velli,Arsardi;narvelli,Arsardi narvelli
640,pesce;oboe,pesce FIL oboe MO,Pe;sefilobo;emo,Pe sefilobo emo
641,Pan;tiretti;ceri,Pan T tiretti L A ceri,Panttiret;tilaceri,Panttiret tilaceri
642,coppia;la;manti,S coppia L la R manti,Scoppi;allarmanti,Scoppi allarmanti
643,re;dottore;unite;si,P re SI dottore T unite N si,Presidente;tormentinesi,Presidente tormentinesi
644,re;lepre;nidi;Talia,B re lepre Z IO nidi Talia NO,Brele;prezioni;d;italiano,Brele prezioni d'italiano
645,ami;ambi;ovalata;re;mici,ami C O ambi G U ovalata T re N E mici,Amico;ambiguo;vala;tra;nemici,Amico ambiguo vala tra nemici
646,unte;negre;carene;Crati,unte R MI negre carene CNO Crati,Un;termine;greca;ree;necnocrati,Un termine greca ree necnocrati
647,ile;zio;eco,S ile N zio eco IA,Silenzioe;coia,Silenzioe coia
648,ara;viola;zio,F ara viola zio NI,Far;aviolazioni,Far aviolazioni
649,tale;vaso,N A tale vaso V E,Natale;vasov;evae,Natale vasov evae
650,rosa;bocca;esca,P rosa bocca C C esca,Prosa;bocaccesca,Prosa bocaccesca
651,cavolo;testa;di,TRA cavolo N testa di O,Tracavolonte;stadio,Tracavolonte stadio
652,in;silos;lima;Eros,in silos BI lima N OV Eros,Insilosbilimano;Veros;Iovi,Insilosbilimano Veros Iovi
653,leva,AR leva,Arle;Vavavavà,Arle Vavavavà
654,ultime;chini,A D ultime S chini,Adulti;meschini,Adulti meschini
655,grano;netta,MA grano N netta,Magra;nonnetta,Magra nonnetta
656,rotti;Dan,AVE rotti Dan CI,Aver;ottidi;casi,Aver ottidi casi
657,raggio;osa;campi,CO raggio S osa campi I,Coraggioso;scampi,Coraggioso scampi
658,do;Ares;ceri;risi,do N Ares IN ceri S O R risi,Donare;sinceri;sorrisi,Donare sinceri sorrisi
659,in;galilea,in TI galilea CI,Intiga;leaci,Intiga leaci
660,Chieti;ovalata;erme;tea;iuta,Chieti M ID ovalata GG erme N tea iuta TO,Chi;è;timido;va;latinamente;aiutato,Chi è timido va latinamente aiutato
661,occhi;di;pie;aia,B L occhi di pie T aia,Blocchi;di;pietà;ià,Blocchi di pietà ià
662,va;nidi;dottore;ali,GIO va nidi P E N dottore T ali,Giovani;dipendotti;retali,Giovani dipendotti retali
663,re;mura;are,P re mura D I F are,Premura;di;fare,Premura di fare
664,attiva;condotta,C attiva condotta,Cattiva;condotta,Cattiva condotta
665,grido;Rambo,CA grido T Rambo,Cagri;dottrambo,Cagri dottrambo
666,Panteone;solido,Panteone solido,Panteon;Esi,Panteon Esi
667,ossi;maniero;mani,T ossi CO maniero I NO mani,Tossicomani;eroimani,Tossicomani eroimani
668,viola;fa;bacca,viola F fa RA: bacca RA,Violaffa;r;abaccara,Violaffa r abaccara
669,ellissi;api;aia,B ellissi M api ET aia,Bellissima;pietà;ià,Bellissima pietà ià
670,nane;la;stria,O nane L la U stria,Onanela;rist;Austria,Onanela rist'Austria
671,par;Che;articoli;asso,par Che G articoli asso SO,Parchegarti;collassoso,Parchegarti collassoso
672,re;arma;sarde,AR re D arma N sarde,Arredar;mansarde,Arredar mansarde
673,assi;medie;Gere,M assi medie Gere ETO,Massime;di;Egereto,Massime di Egereto
674,sardine;astice;perle,U sardine LM astice perle GNO,Usar;din;elmasti;ce;pergno,Usar din elmasti ce pergno
675,amore;capo;ale,amore NI DI capo R ale,Amoreni;di;caporale,Amoreni di caporale
676,in;eroina;ora,V in ON: eroina NF ora,Vino;nero;in;anfora,Vino nero in anfora
677,ori;per;miss;la,TUT ori per miss la,Tutori;permissla,Tutori permissla
678,dotto;Edi;ale,PRO dotto M Edi C ale,Prodotto;medicale,Prodotto medicale
679,lario;con;gru,SA lario con gru O,Salario;congruo,Salario congruo
680,asso;Pan;Ra,SP asso Pan T E Ra,Spassop;anterara,Spassop anterara
681,tori;bocca;esca,S tori A bocca CC esca,Storia;boccaccesca,Storia boccaccesca
682,in;ossa;epa;orme;coni;volto,in D ossa R epa N T orme coni LR IS volto,Indossare;pantorme;con;il;risvolto,Indossare pantorme con il risvolto
683,minotauro;sta,RA minotauro ZZI sta,Rami;notaurozza,Rami notaurozza
684,ava;messo;tetti,ava M messo N P RO tetti,Avammesso;non;protetti,Avammesso non protetti
685,Magi;ultime;ali,IM Magi NIM ultime DI ali,Immagini;militimediali,Immagini militimediali
686,Ade;Pan;Era,C Ade O Pan T Era,Caedopan;terapia,Caedopan terapia
687,di;vate;genii,di vate L E genii C A,Diva;telegenia,Diva telegenia
688,papi;onda;Era,papi L L onda S Era,Pappillo;da;sera,Pappillo da sera
689,intere;santi;leva,intere S santi S S I leva,Interessantissi;leva,Interessantissi leva
690,dente;esterico;Leda;lame;tea;erta,STU dente S esterico A Leda L lame N tea P erta,Studentesse;ricoale;dalla;mente;aperta,Studentesse ricoale dalla mente aperta
691,bolli;va,B U bolli va TA,Subo;livatata,Subo livatata
692,re;di;brocca;mina,P re di brocca mina LI,Predibro;caminali,Predibro caminali
693,latore;Reno;abili,latore N P Reno T abili,Lato;per;penotabili,Lato per penotabili
694,alte;camicie;fon,alte R camicie L E fon O,Alterca;mi;elefono,Alterca mi elefono
695,para;intere;icona;zio,IM para RE intere S icona zio NI,Imparare;interessicona;zionini,Imparare interessicona zionini
696,essi;rea;re,S essi rea RI DE re,Sessiare;a;dire,Sessiare a dire
697,edera;gente,M edera G gente,Mede;raggente,Mede raggente
698,arrossita;rada;accetta,BA arrossita D U rada accetta RE,Barrossi;tadu;ra;dacquette,Barrossi tadu ra dacquette
699,fa;caraffa;etti,AF fa TI caraffa NN etti,Affaticar;affannetti,Affaticar affannetti
700,radura;est;ante,GA radura est A NC ante,Gara;dura;e;stancante,Gara dura e stancante
701,in;armadio;bilia;mici,in armadio bilia mici,Inarmadiobili;amici,Inarmadiobili amici
702,verso;tenere;amico;lessi,DO verso S tenere S amico MP lessi,Dover;sostener;esami;compessi,Dover sostener esami compessi
703,iro;nere;re,V iro nere G re CA,Viro;neregré;calca,Viro neregré calca
704,rana;articoli;asso,ING rana G articoli asso SO,Ingranagarti;collasso,Ingranagarti collasso
705,nume;Satiro;pelli,nume R OS Satiro P pelli,Numerosa;tiroppelli,Numerosa tiroppelli
706,teso;pera;tiara,MO teso M pera tiara TE,Moteso;permarià;t;rate,Moteso permarià t rate
707,lord;sale;Era,lord IO sale TT Era,Lordiosa;lettera,Lordiosa lettera
708,magri;moneta,magri moneta,Magrimo;moneta;per,Magrimo moneta per
709,Oglio;per;tori,Oglio per A tori,Oggi;operatori,Oggi operatori
710,arti;lario;etti,P arti CO lario G G etti,Particolari;oggetti,Particolari oggetti
711,stole;eroe;tiretti,PA stole GG eroe tiretti N TE,Pasto;leggero;e;tirettinte,Pasto leggero e tirettinte
712,pesca;sardina;sella;luccio,COP pesca sardina sella TE MA luccio,Coppe;scasardi;nasellate;maluccio,Coppe scasardi nasellate maluccio
713,mosche;radi;va;coro,AL mosche A radi va S coro SSI,Almoschea;di;Vasco;Rossi,"""Almoschea"" di Vasco Rossi"
714,alari;amaretto,S C alari NF amaretto,Scala;rinframaretto,Scala rinframaretto
715,apri;manovella;di;Pi;randello,L apri manovella di Pi randello,La;prima;novella;di;Pirandello,La prima novella di Pirandello
716,essi;mici,S essi T O mici,Sessio;mici,Sessio mici
717,lesa;arrossa;ode;eco,lesa T arrossa I ode LL eco SE,L;esatar;Rossai;odelle;cose,L'esatar Rossai odelle cose
718,fonti;fico;volata,fonti N fico A volata TA,Fontini;coa;volat;atatatà,Fontini coa volat atatà
719,van;da;tiretti,V I van da tiretti N TE,Vivanda;tirettinte,Vivanda tirettinte
720,ghibellini;rosa,RI ghibellini ET rosa,Rigi;bellinietta,Rigi bellinietta
721,super;Einaudi;amo;esca,super Einaudi E S amo R esca,Superei;nudaie;sormoresca,Superei nudaie sormoresca
722,ave;anta;mura,ave R T anta P RE mura,Aver;tanta;premura,Aver tanta premura
723,porta;amaro,porta F amaro,Porta;famaro,Porta famaro
724,mai;osti,mai L L osti C K,Maily;stoic;kick,Maily stoic kick
725,Cooper;rafia;Ming,Cooper U rafia M Ming A,Cooperù;rafiamminga,Cooperù rafiamminga
726,avidi;stie;con;mici,GR avidi SSE stie con O mici,Gravi;dissesti;economici,Gravi dissesti economici
727,Verdi;Rossi;rosso,V I Verdi G Rossi rosso FF,Viver;di;grossi;rosso,Viver di grossi rosso
728,oca;re;risi,GI oca re A risi KO,Giocare;a;Risiko,Giocare a Risiko
729,Idra;icona,Idra UL icona NO,Idraulico;nano,Idraulico nano
730,pallina;toro;busto,pallina toro busto,Pallinato;robusto,Pallinato robusto
731,pera;ree;colo;covo;Erie,O pera TO ree colo G I covo L Erie,Operatore;ecologico;vocolerie,Operatore ecologico vocolerie
732,Asti;Io;SOS,F Asti D Io SOS PAM,Fastidioso;spam,Fastidioso spam
733,Ontario;onde,M Ontario N OS onde,Monte;tonosonde,Monte tonosonde
734,oca;Lem;sardella,L oca Lem AN sardella TO,Locale;mansardello,Locale mansardello
735,astro;nidi;aia,L astro nidi P I ET aia,Lastroni;di;pietà;ià,Lastroni di pietà ià
736,eco;ode;poli,IL eco T ode L poli,Il;ecoto;del;Polonia,Il ecoto del Polonia
737,arco;Boccia;corsia;gente;esca;rossi,M arco RE Boccia C corsia R gente RO esca rossi O,Marco;Reboc;accorsi;argenterò;e;scorrosio,"Marco, Reboc, accorsi, argenterò e scorrosio"
738,ante;cometa;dotto,GIG ante S cometa NO dotto,Gigantesco;metanodotto,Gigantesco metanodotto
739,re;dottore;nati,IR re dottore FA nati C O,Irredottore;fanatico,Irredottore fanatico
740,per;articoli,per TU articoli U SO,Pertuarti;coliuso,Pertuarti coliuso
741,catino;eco;mici,MER catino N eco N O mici,Mercati;non;economici,Mercati non economici
742,Erie;dinari,VOL Erie R dinari,Volerire;dinari,Volerire dinari
743,ferma;sinistro;manzi,AF ferma sinistro manzi ERI,Affermasi;Nimmanzieri,Affermasi Nimmanzieri
744,Pan;astro,Pan C astro FA,Pancastro;fafa,Pancastro fafa
745,Erie;tenui,VOL Erie tenui O,Voleriete;nuovo,Voleriete nuovo
746,est;teglia;mori;boccia,D est A teglia mori S boccia NO,D;estate;gli;amori;sbocciano,D'estate gli amori sbocciano
747,aro;nera,M aro nera TA,Maria;Onerata,Maria Onerata
748,papi;onde;ode,papi L L onde M ode,Pappillo;demodé,Pappillo demodé
749,erma;zio;onda,AFF erma zio NE INF onda,Affermazione;infondata,Affermazione infondata
750,esca;mora,VI esca mora TI,Vie;scamorati,Vie scamorati
751,chiavi;Magno;ladro,S chiavi Magno ladro GA,Schiavi;magno;droga,Schiavi magno droga
752,lava;lesina;anche;oche;silos;ile,lava R O lesina anche C I oche E I N silos B ile,L;avaro;lesina;anche;ciò;che;è;insilosbile,L'avaro lesina anche ciò che è insilosbile
753,lastra;aperto;area;sa,lastra D aperto RN area C A sa,La;strada;per;tornare;a;casa,La strada per tornare a casa
754,grano;antenne,MA grano V antenne,Magra;novantenne,Magra novantenne
755,mele;Dante;ali,mele N Dante N ali TA,Melenda;tenalita,Melenda tenalita
756,cunei;eco;Lazio,cunei N T eco Lazio NE,Cuneinteco;lazioné,Cuneinteco lazioné
757,mani;star;epe;lessi,mani F E star epe RP lessi TA,Manifestare;perplessità,Manifestare perplessità
758,Fo;Pan;Idi;cosce,Fo S Pan P Idi ES cosce SI,Fospan;pidiès;c;oscescisi,Fospan pidiès c oscescisi
759,perso;attiva,perso N A C attiva,Persona;cattiva,Persona cattiva
760,cabina;rare,S cabina LLE rare,Scabi;nanarelare,Scabi nanarelare
761,trota;ali,trota N TR ali,Trotà;traliali,Trotà traliali
762,mole;manti,U mole manti C I,Uolem;e;manticci,Uolem e manticci
763,Ares;anelli;venatura,F Ares C I anelli venatura LE,Fare;sci;anelli;venà;tarule,Fare sci anelli venà tarule
764,esca;remo;ori,S esca KE remo T ori,Sescakerem;o;motori,Sescakerem o motori
765,branda;Gea;dotto,branda Gea dotto,Brandage;ad;otto,Brandage ad otto
766,fa;volo;sinai;eco;aghi;tee;aghi,fa volo sinai RI eco N M aghi FA tee DR aghi,Favolosi;narreri;con;maghi;fate;e;draghi,"Favolosi narreri con maghi, fate e draghi"
767,top;altare,FOL top altare NE,Folto;platarene,Folto platarene
768,ave;latte;sci,ave R E latte sci NZA,Avere;l;attes;cinzà,Avere l'attes cinzà
769,maniero;mani,RO maniero mani NE,Romani;e;romanine,Romani e romanine
770,cunei;tea;mento,cunei N tea L I mento,Cuneintea;limento,Cuneintea limento
771,malesi;azione,N O R malesi TU azione,Normale;situazione,Normale situazione
772,toro;tese;re,S toro tese V E re,Storotese;vere,Storotese vere
773,ginestra;urna,SA ginestra TT urna,Sagin;estrattur,Sagin estrattur
774,la;rovo;Erie,la V O rovo L Erie,Lavoro;volerie,Lavoro volerie
775,lord;oche;rima;neve;lato,lord oche rima neve lato,Lordo;che;rimane;velato,Lordo che rimane velato
776,mesi;aiole;cane,RI mesi CU aiole S cane,Rime;sicuaio;lescano,Rime sicuaio-lescano
777,sardina;rimedi;Eva,RI sardina N T rimedi Eva LI,Risardi;nanti;medevali,Risardi nanti medevali
778,partigiana;Ra,partigiana P U Ra,Partigì;anapù,Partigì anapù
779,cava;lidi;risi,cava L lidi F risi A,Cavalli;di;frisia,Cavalli di frisia
780,sci;ocarina,BI sci NT ocarina,Bisci;noto;carina,Bisci noto carina
781,toro;rea;in,S toro rea S in I,Stororeasi;nisi,Stororeasi nisi
782,Chimera;teste,Chimera N teste S O,Chimera;neste,Chimera neste
783,nani;re;tino,C A nani LT re N tino,Cananilt;ren;tintino,Cananilt ren tintino
784,Ares;dati,M Ares S O L dati,Mare;soldatì,Mare soldatì
785,duca;scola;Nino;tino,duca O RE scola Nino C EN tino,Duchoresco;lani;nocentino,Duchoresco lani nocentino
786,molo;dotto,PO molo dotto NE,Pomolo;d;ottone,Pomolo d'ottone
787,lava;padella;in;coppia,lava M padella M in AS coppia TA,La;vampa;della;mina;scoppiata,La vampa della mina scoppiata
788,avidi;ossa;tegame,N avidi G R ossa S tegame,Navi;di;grossa;stegame,Navi di grossa stegame
789,ami;Diana;denti,ES ami N Diana LU denti,Esaminar;iani;ludentini,Esaminar iani ludentini
790,al;rete;venti,SP al rete venti,Spalre;teventi,Spalre teventi
791,Talia;luci;genii,MOR Talia L luci N O genii,Mortali;allucinogeni,Mortali allucinogeni
792,orsi;reo;Mia,T orsi A reo Mia E,Torsiare;omie,Torsiare omie
793,automa;disco,C automa N disco,Cauto;mandisco,Cauto mandisco
794,rossi;danno,FU rossi FA danno,Furos;si;fa;danno,Furos si fa danno
795,diesis;legge;mente;ala,BI diesis legge R mente S ala TA,Bidiesi;seggermente;salata,Bidiesi seggermente salata
796,orchi;orate,B orchi E D orate,Borchie;dorate,Borchie dorate
797,tra;artemide;menti,tra T T artemide P R I menti,Trattar;temi;deprimenti,Trattar temi deprimenti
798,intere;ostia;tali;ari,"intere S ostia VI, tali B R ari E",Interesostia;vitali;barriere,Interesostia vitali barriere
799,colo;epa;squali;colmi;ciocco;lato;dente,colo M B epa squali R I colmi D I ciocco lato F ON dente,Colombe;pasquali;ricolmidi;ci;occolato;fondente,Colombe pasquali ricolmidi ci occolato fondente
800,Chimera;Cipro;etti,Chimera U LI Cipro V etti,Chimerauli;coveretti,Chimerauli coveretti
801,camini;lido,RI C camini E lido NIO,Ricca;miniera;d;Oonio,Ricca miniera d'Oonio
802,Bi;diesis;alata,Bi diesis S alata,Bidiesis;salata,Bidiesis salata
803,in;teste,in VA teste R,Invastete;rer,Invastete rer
804,tede;barbiere,A R tede CA barbiere,Arte;decabarbiere,Arte decabarbiere
805,legge;Arisa;mura,legge N D Arisa mura I,Leggendari;samurai,Leggendari samurai
806,risi;Rodolfo,risi EDE Rodolfo ACO,Risieder;o;dolfo,Risieder o dolfo
807,viola;sedili,viola sedili NO,Viola;se;dilì,Viola se dilì
808,campanelli;re;nota,campanelli N P re nota TI,Campa;nel;prenotati,Campa nel prenotati
809,rive;re;birillo,rive D E re birillo TI,Rivedere;biril;loti,Rivedere biril loti
810,lame;Diana;proiettile,lame Diana proiettile,La;mediana;proiettile,La mediana proiettile
811,rotti;rate;odi;musi,rotti A rate M P odi musi C A,Rottiar;e;tempo;di;musica,Rottiar e tempo di musica
812,epa;monella,TR epa monella R I,Tre;pomonelli;rari,Tre pomonelli rari
813,Ares;toro,D Ares toro TE,Dare;storotote,Dare storotote
814,Bell;agenti;lepre;muro;eco;Dante,Bell agenti lepre muro eco Dante,Bella;gentile;premuroe;codante,Bella gentile premuroe codante
815,corta;rete;timoni,S corta rete S timoni,Scortare;testimoni,Scortare testimoni
816,papero;nido,I papero nido RO,I;paperno;d;Iro,I paperno d'Iro
817,nasse;arrossita;ile,U nasse T arrossita B ile,Un;assetar;rossità,Un assetar rossità
818,corta;divi,S corta divi P,Scorta;di;vip,Scorta di vip
819,foro;mani;aperto,TI foro mani ST aperto TTI,Tifo;romanista;per;Totti,Tifo romanista per Totti
820,ellissi;leva;more,B ellissi leva D A more,Bellissile;vadamore;';remo,Bellissile vadamore 'remo
821,foro;raggio,TRI foro raggio SA,Trifor;oraggioosa,Trifor oraggioosa
822,Arpie;arco;spira;tori,Arpie arco spira tori,Arpiear;cospiratori,Arpiear cospiratori
823,vite,FA vite,Favi;tetri,Favi tetri
824,medi;con;dotto,medi CO con dotto,Medico;condotto,Medico condotto
825,brocca;asce;nate;tra,brocca L IC asce nate A tra L E,Broccali;casce;nateature,Broccali casce nateature
826,fiorino;ancora;pallone,fiorino N ancora S pallone TI,Fiori;non;ancora;spalloneti,Fiori non ancora spalloneti
827,ara;teda;sella,C ara F teda sella TA,Caratte;desellata,Caratte desellata
828,esili;ora,esili O D ora TO,Esilio;dorato,Esilio dorato
829,Scola;colo;sale,DIS Scola colo S sale,Disscola;colossale,Disscola colossale
830,tacco;Edison;rio,CAN tacco RI Edison D rio,Cantacoriedi;on;dorio,Cantacoriedi on dorio
831,canoa;ali;Parigi;tiretti;dischi,VUL canoa LB ali Parigi A N tiretti dischi A,Vulcano;Alba;Lipari;giantiretti;di;schia,"Vulcano, Alba, Lipari, giantiretti di schia"
832,tra;calze;amo,tra FF I calze R amo,Traffica;nel;Zeramo,Traffica nel Zeramo
833,vie;star;lima;ninfa;eroe;doni,vie BB star T A lima ninfa LI eroe G OL doni,Vi;ebbar;t;alima;ninfa;lieroe;g;odondoni,"Vi ebbar t alima ninfa, lieroe g odondoni"
834,sasso;dita;chino;Era,BI sasso dita C chino T EN Era,Bisassod;it;achinote;nerà,Bisassod it achinote nerà
835,est;nidi;sarda;gendarme,IF est I nidi sarda N A gendarme,I;festini;di;sardenagendarme,I festini di sardenagendarme
836,fa;sardella,fa L sardella TI,Falsar;delli,Falsar delli
837,striscia;leggio,ES striscia NO leggio,Estrisi;c;anoleggiò,Estrisi c anoleggiò
838,onesto;anelli,MI onesto R F anelli,Mione;storfanelli,Mione storfanelli
839,mais;antenne,NE mais V antenne,Nemai;svantenne,Nemai svantenne
840,ode;arpa;alone,F ode R arpa N T alone,Fodera;rantalone,Fodera rantalone
841,sedia;nane;mi,AS sedia R CA nane mi CI,Assediar;cananemi;cimici,Assediar cananemi cimici
842,ponente;corta,IM ponente S corta,Imponente;scorta,Imponente scorta
843,sardine;Ate,PE sardine RR Ate,Pesar;dinerate,Pesar dinerate
844,soli;dardi;anonimi,C O N soli dardi anonimi,Consolidar;dinomi,Consolidar dinomi
845,corta;rema;strati,S corta rema G I strati,Scortare;magistrati,Scortare magistrati
846,mici;coni;olle;arrossita;ile,CA mici A coni L C olle T arrossita C CAB ile,Camicia;con;il;colletar;rossicabile,Camicia con il colletar rossicabile
847,usa;colo;mina,BL usa colo R mina,Blusa;color;minata,Blusa color minata
848,salvate;Rambo,VI salvate T Rambo,Visa;vetrambo,Visa vetrambo
849,cinesi;lente,cinesi lente,Cine;silente,Cine silente
850,assi;asse;onore,P assi ONE asse C onore,Passione;assecondore,Passione assecondore
851,ava;pinna;orata,UN ava M pinna M orata,Una;vamp;innamorata,Una vamp innamorata
852,allarme;pira;tori;cono;sci;mento,allarme pira tori cono sci mento,Allarmepira;toriconoscimento,Allarmepira toriconoscimento
853,lario;pero,SCO lario pero SI,Scolari;operosi,Scolari operosi
854,nera;nota,TE nera BI nota,Tenera;binotata,Tenera binotata
855,arti;rei;panino,M arti rei R R E panino,Martire;irriverente,Martire irriverente
856,oli;Udine;amaretto,S oli T Udine F amaretto,Solitudine;famaretto,Solitudine famaretto
857,parche;articoli,parche G articoli US O,Parchegarti;colio,Parchegarti colio
858,in;tender;aperto,in tender ROM aperto MA,Intender;Roma;per;Tomà,Intender Roma per Tomà
859,pedale;casco;data,DA pedale RI casco R data,Dape;dericas;cordata,Dape dericas cordata
860,Cooper;Eschilo;ali,Cooper O R Eschilo C ali,Cooperoreschi;locali,Cooperoreschi locali
861,ape;sonar;radi;tee;tina,UN ape R sonar radi EN tee OS tina TA,Una;persona;radiamente;è;ostinata,Una persona radiamente è ostinata
862,attiva;stia;aia;lati,TR attiva stia SS aia S S O lati,Tratti;visti;assai;assolati,Tratti visti assai assolati
863,delta;il;Po;Po;verso;legge,FE delta il Po Po LO verso L A legge,Fedeltà;il;popolo;verso;la;legge,Fedeltà il popolo verso la legge
864,nato;menta;tatto;Adamo,U nato R menta tatto RI Adamo RE,Una;tormentata;toria;d;amore,Una tormentata toria d'amore
865,danza;tasto,FI danza tasto LTA,Fidanzata;stolta,Fidanzata stolta
866,artemide;denti,F artemide L U denti,Far;temi;deludenti,Far temi deludenti
867,acanto;nera,M acanto nera NDA,Maca;toneranda,Maca toneranda
868,ore;esca;onda,VOL ore LAP esca M onda,Volore;la;pesca;monda,Volore la pesca monda
869,aria;dito,P aria RI dito,Pari;ariditto,Pari ariditto
870,irati;scafi;aghi,P irati scafi aghi,Pirati;scafiaghi,Pirati scafiaghi
871,pollo;lumi;Abu;dalie;asso,pollo C K lumi TT Abu dalie PI C asso,Pollock;lumitta;budà;lieve;p;icasso,"Pollock, lumitta, budà, lieve p icasso"
872,asso;azione;divo;Erie;pedali,asso C I azione divo L Erie S pedali E RI,Associazione;di;volontieri;espedalieri,Associazione di volontieri espedalieri
873,piombaro;fari,RI piombaro D AF fari,Ripiomba;r;affari,Ripiomba r'affari
874,signore;vi,signore IO vi RIE,Signorei;virié,Signorei virié
875,est;Eros;toro,D est RI Eros toro TO,Destriero;storotato,Destriero storotato
876,orchi;dee;Ra;re,orchi dee Ra re,Orchidea;reare,Orchidea reare
877,ontano;neve,P ontano neve RDE,Pontano;Nerde,Pontano Nerde
878,pia;oli;leva,pia CEV oli S SI leva,Piacevolissile;vileva,Piacevolissile vileva
879,in;sala;teca;sarda;sci,in sala teca E sarda A sci O,Insalate;Caesar;da;Aschio,Insalate «Caesar» da Aschio
880,naso;ras;toro,U naso NO ras toro TA,Una;sonora;storotata,Una sonora storotata
881,uova;pera;in;silos;Bi;agli;denti,N uova O pera in silos Bi L E agli S T U denti,Nuova;opera;insilosbiliche;agli;studenti,Nuova opera insilosbiliche agli studenti
882,aro;aperto;Era;remo;stie,ER aro S aperto LL Era remo L E stie,È;raro;saper;tollerare;molestie,È raro saper tollerare molestie
883,Roma;ago,PO Roma UFR ago,Popora;ufrago,Popora ufrago
884,con;ultime;rima;dati,con S ultime DI CI rima N dati,Consulti;medici;rimandati,Consulti medici rimandati
885,mura;osti;Lione;dive;redi;poli,mura T D A P osti G Lione dive N N E redi N A poli,Murat;da;postiglione;divenne;re;di;Napoli,Murat da postiglione divenne re di Napoli
886,anello;tomo,MAR anello tomo VE,Maranello;tomov;eve,Maranello tomov eve
887,lacca;Danby;are,lacca DE Danby LI T are,L;accadanbi;litarea,L'accadanbi litarea
888,trota;riso;ala;are,AR trota riso P R ala L T are,Aristòr;riso;prala;l;tare,Aristòr riso prala l'tare
889,latte;raggio;cappa;falco,latte R raggio A cappa D I falco,L;atterraggio;a;Cappadigalico,L'atterraggio a Cappadigalico
890,forma;aura,forma ST aura,Forma;staura,Forma staura
891,pesce;fit;Lodi;peri,pesce fit Lodi M peri A,Pe;seffito;d;Imperia,Pe seffito d'Imperia
892,ulivi;viso;est;ori;lati,F ulivi viso N T est ori CO lati NO,Fu;livvi;vinto;storico;latino,Fu livvi vinto storico latino
893,Lazio;anestetico;ali,RE Lazio NI anestetico T ali,Relazioni;a;neste;ticotali,Relazioni a' neste ticotali
894,piromani;oca;coda;nana,RI M piromani oca R I coda nana S,Rimpiroma;niocar;i;codanas,Rimpiroma niocar i' codanas
895,elica;la;Adamo,D elica la RI Adamo RE,Delicara;radio;d;amore,Delicara radio d'amore
896,assi;loto;mento,assi L loto R mento SO,Assillo;tormentoso,Assillo tormentoso
897,nave;maiali;auto,NO nave R maiali auto TTI,Non;aver;mai;aiali;autotti,Non aver mai aiali autotti
898,attiva;sorte,C attiva sorte,Cattiva;sorte,Cattiva sorte
899,steso;coli,MI steso M UN coli,Mister;somuncoli,Mister somuncoli
900,Poe;tiro;mantici,Poe tiro mantici,Poeti;romantici,Poeti romantici
901,in;serie;dame;catino,C in E serie dame R catino,Cineserie;da;mercatino,Cineserie da mercatino
902,tre;nomi;Ares;corta,tre nomi LI T Ares corta TO,Treno;militare;scortato,Treno militare scortato
903,unte;tosa;marce,unte M U tosa marce I,Un;temuto;samarcei,Un temuto samarcei
904,nane;mici;spugna,CA nane mici E spugna TI,Cananemi;ciespu;gnattati,Cananemi ciespu gnattati
905,orche;Venere,T orche ARU Venere,Torchear;uve;nere,Torchear uve nere
906,Pan;alone,GiAccaE Pan T alone,Giacca;e;pantalone,Giacca e pantalone
907,nero;ghiro;etti,O nero N ghiro CCH etti,Oneroghi;rocchetti,Oneroghi rocchetti
908,nato;porci,U nato porci SA,Una;toporci;sa,Una toporci sa
909,orsi;dee;prete;Ate,orsi dee prete Ate,Orsiede;preteate,Orsiede preteate
910,orme;are;anelli;tesi,A D D orme N T are anelli S tesi A,Addormentare;nell;istestia,Addormentare nell'isteria
911,in;silos;lepre;viso,in silos BI lepre A V viso,Insilosbilepre;avviso,Insilosbilepre avviso
912,ras;toro,DU ras toro TA,Dura;storotata,Dura storotata
913,baffi;arma;ore,SU baffi TT arma N ore,Subaffittar;manore,Subaffittar manore
914,sol;dati;canto;nati,sol dati canto nati,Soldati;cantonati,Soldati cantonati
915,pie;alone,pie RO BA D alone,Piero;Baldalone,Piero Baldalone
916,coppia;tomi,S coppia tomi CI,Scoppi;atomici,Scoppi atomici
917,alani;malva;articoli;Corea;menta,H alani MO malva articoli RA N Corea LI menta,Ha;l;animo;malvarti;col;rancore;alimenta,Ha l'animo malvarti col rancore alimenta
918,asso;Ugo,CHI asso SF Ugo,Chiasso;sfuggo,Chiasso sfuggo
919,catino;porta;porte,MER catino DI porta porte S E,Mercatino;di;porto;Portese,Mercatino di porto Portese
920,punte;articoli,punte G articoli A RO,Puntegar;ticoliar,Puntegar ticoliar
921,lord;deriso;ode;astori,lord O deriso LT ode LL astori A,Lordore;disolto;della;storia,Lordore disolto della storia
922,barbiere;lista;ali,CA barbiere BI lista T ali,Cabarbi;erebili;statali,Cabarbi erebili statali
923,pirati;animali;more;pirati;animali;more;pirati;animali;more,pirati CU R animali DA more,Pira;ti;curan;a;mida;m;ero;Pira;ti;curan;a;mida;m;ero;Pira;ti;curan;a;mida;m;ero,Pira ti curan a mida m'ero
924,idea;rete;fori,S idea rete DO fori,Siderete;dofori,Siderete dofori
925,chiama;tarabusi,chiama P ET tarabusi,Chiampette;rabusi,Chiampette rabusi
926,asta;carene;nere;est;chino;ava;lidi;menti,B asta PO carene nere T est AA chino NH ava lidi A R GO menti,Basta;poco;re;nerete;stàa;c;hin;ava;la;vidià;gomenti,Basta poco re nerete stàa c hin ava la vidià gomenti
927,fattorino;nano,fattorino nano RD,Fatto;rin;a;nord,Fatto rin a nord
928,anta;lessi,S anta lessi O,Sant;Alessio,Sant'Alessio
929,est;arpe;lessi,R est arpe R P lessi,Restar;perplessi,Restar perplessi
930,more;Aldo,A more SF Aldo,Amore;sfaldo,Amore sfaldo
931,unte;rose;topo;ovalata,unte S O rose P O L topo C ovalata,Un;tesoro;sepolto;poco;valà,Un tesoro sepolto poco valà
932,mini;lido,mini E lido NIO,Minieli;d;onio,Minieli d'onio
933,bocca;lidi;oro,I bocca lidi VI N oro SSO,I;boccali;di;vino;rosso,I boccali di vino rosso
934,secco;somalo;re,secco I O somalo re,Secchiooso;malore,Secchiooso malore
935,pallina;ode;oli,pallina T ode M oli TO,Pallinato;demolito,Pallinato demolito
936,navi;pinna;ora,U navi pinna M ora T A,Una;vip;innamorata,Una vip innamorata
937,son;la;lenti,MON: son la O lenti,Monsola;ololenti,Monsola ololenti
938,Trani;Eros;Ares,S Trani Eros OL IT Ares,Straniero;solitares,Straniero solitares
939,Verona;Urali,Verona T Urali STA,Vero;naturista,Vero naturista
940,stanza;esili,SO stanza CH esili Q UEFA,Sostanza;che;si;liquaù,Sostanza che si liquaù
941,aule;olivo;dive;chili,B aule C olivo dive C chili BRI,Baule;colvi;do;vecchi;libri,Baule colvi do vecchi libri
942,arti;colo;bocca,U N arti colo D I bocca,Un;articolo;di;bocca,Un articolo di bocca
943,mento;sul;tasso;disco,AU mento sul tasso disco NTO,Aumento;sul;tasso;di;sconto,Aumento sul tasso di sconto
944,per;Sidone;manici,R E per Sidone manici,Repersi;donemanici,Repersi donemanici
945,arpa;monella,US arpa monella R I,Usar;pomonelli;rari,Usar pomonelli rari
946,tre;icona;mina;Ci,S tre S icona mina T I Ci,Stresicona;minatici,Stresicona minatici
947,buca;oli;Ati,TA buca NS oli D Ati,Tabù;cansolidati,Tabù cansolidati
948,bar;redini;chele;stagno,bar redini chele stagno,Barre;di;nichel;e;stagno,Barre di nichel e stagno
949,monella;astri,L I monella R astri,Limonelle;rarastri,Limonelle rarastri
950,re;Diana;nidi;ode,P re MI Diana G nidi L ode,Premidi;anag;nidiol;ed;ode,Premidi anag nidiol ed ode
951,chiesa;mas;menti;dio,chiesa V IO mas menti L O dio,Chi;è;savio;mai;smentili;d;odio,Chi è savio mai smentili d'odio
952,nota;Tosca;toro;visti,SO nota N Tosca L toro R RI visti,Sono;tanto;scaltor;or;rivististi,Sono tanto scaltor or rivististi
953,ance;scopa;soprano,F R ance scopa O soprano STI,Francesco;Paoso;Prasti,Francesco Paoso Prasti
954,Sumeri;armadio;bilie;avi;fico,A S Sumeri N armadio bilie BR avi O fico I,Assumer;inarmadiobili;e;bravi;officio,Assumer inarmadiobili e bravi officio
955,pesce;bus;tocco,pesce bus tocco,Pe;scebusto;cottocchie,Pe scebusto cottocchie
956,sacra;ite,P E sacra V ite,Pesacra;vita,Pesacra vita
957,diesis;difesa,BI diesis difesa,Bidiesi;di;fesa,Bidiesi di fesa
958,cari;ad;proiettile,cari C ad I proiettile,Carica;di;proietto,Carica di proietto
959,oro;articoli,oro LO articoli C,Oroloarti;coli,Oroloarti coli
960,accetta;rovescio;porta;tini;chili,IN accetta rovescio M porta M EN tini chili STI,Inaccettavose;comportamenti;nichilisti,Inaccettavose comportamenti nichilisti
961,Alba;esche,Alba MA N Z esche,Alba;manzesche,Alba manzesche
962,orci;arpa;orme,A CC orci arpa N T orme,Accorciar;pantorme,Accorciar pantorme
963,sci;Enza;vile,CO sci Enza C I vile,Coscienza;civile,Coscienza civile
964,Verona;etto,PO Verona N etto,Povero;nanetto,Povero nanetto
965,ali;mento;silos;chiare,L ali mento IN silos chiare LE,L;alimento;insilosciare,L'alimento insilosciare
966,ile;orli;ali,F ile SM orli DI ali,FileS;moralidiali,FileS moralidiali
967,Aci;manti,S Aci manti C H E,Sacima;tintiche,Sacima tintiche
968,acanto;mente;ari,PL acanto R A mente ari D A,Placa;tormentea;rida,Placa tormentea rida
969,unica;ioni;ultime;ali,COM unica Z ioni M ultime DI ali,Comunicazioni;militimediali,Comunicazioni militimediali
970,Pe;lari;di,Pe lari G I A di B I S,Pelar;igiadi;b;Ibis,Pelar igiadi b'Ibis
971,re;icona;zie,P re S icona TI zie,Presicona;tizie,Presicona tizie
972,triste;ali,COR triste N ali,Corti;stenali,Corti stenali
973,incas;alici;nari,incas alici nari,Incasali;cinari,Incasali cinari
974,colo;ali;viola,colo SS ali viola FF,Colossali;violaf,Colossali violaf
975,artemide;menti,F artemide P RI menti,Far;temi;deprimenti,Far temi deprimenti
976,avidi;orsi,G R avidi S C orsi,Gravi;discorsi,Gravi discorsi
977,Ezio;dive;mento,SF Ezio dive RT I mento,Sfidivo;vertimento,Sfidivo vertimento
978,pesce;remo;arantxa,pesce D remo ND arantxa E,Pe;scedremo;darantxaè,Pe scedremo darantxaè
979,verro;mosche,A verro mosche C,Aver;romo;shec,Aver romo shec
980,ginestra;cipresso,AR ginestra C cipresso,Argine;straccipresso,Argine straccipresso
981,teda;corsetto,teda TO DIS corsetto,Tedato;discorsetto,Tedato discorsetto
982,assisa;tartaree,GR assisa tartaree I,Grassi;satarée,Grassi satarée
983,edera;acqua,F edera FF acqua,Fede;raffaququa,Fede raffaququa
984,affiches;car;are,B affiches car G L I are,Baffi;che;scar;gli;arearoli,Baffi che scar gli arearoli
985,accetta;api;aia,SF accetta T api E T aia,Sfaccettata;pietà;ià,Sfaccettata pietà ià
986,sul;maniero,MU sul maniero ICI,Musulmani;eroici,Musulmani eroici
987,aster;tana;tori,P aster tana L I tori,Pasterta;natalitori,Pasterta natalitori
988,Cooper;scopa;saggio;sale;in,Cooper O RE scopa E saggio sale NT in O,Cooperatore;scapestà;giallentino,Cooperatore scapestà giallentino
989,libro;dotto,CA libro RI dotto,Calibro;ridotto,Calibro ridotto
990,zio;Sam;Aosta,SPA zio Sam AN Aosta,Spaziosa;manaosta,Spaziosa manaosta
991,campanello;Era;re,S campanello LL Era re,Scamp;anellerare,Scamp anellerare
992,more;trina;lago;Varese;per;abile,T U more trina lago Varese per abile,Tumore;trin;alago;vareseperabile,Tumore trin alago vareseperabile
993,tosa;siringa,GU S tosa BI siringa,Gustosa;bisiringa,Gustosa bisiringa
994,con;ultime;di,con S ultime di CI,Consulti;medici,Consulti medici
995,letto;Ugo,BAL letto SF Ugo,Balletto;sfuggo,Balletto sfuggo
996,teso;Madrid,teso R O Madrid,Tesoro;ma;Dad,"Tesoro, ma Dad?"
997,ami;orlo;unte;losco;Ero;ami;orlo;unte;losco;Ero;ami,L ami C orlo unte S OR losco EV Ero,L;amico;rloù;un;tesoro;lo;s;cuore;L;amico;rloù;un;tesoro;lo;s;cuore,L'amico rloù un tesoro lo s cuore
998,fa;proiettile,SO fa proiettile,Sofà;proiettile,Sofà proiettile
999,Pan;occhi,D O Pan N T occhi,Dopan,Dopan ntocchi
